variant,auc_roc_mean,auc_roc_std,auc_roc_ci95_low,auc_roc_ci95_high,f1_mean,f1_std,balanced_accuracy_mean,balanced_accuracy_std,balanced_accuracy_ci95_low,balanced_accuracy_ci95_high,agreement_mean,agreement_std,mean_kl_divergence_mean,mean_kl_divergence_std,delta_auc_vs_full
No SGNS,0.9306007577008978,0.01695979833128155,0.9150039241432429,0.9436741331769168,0.5128413377255348,0.055324567085686,0.8407270178109424,0.04065212466803481,0.8067717356893105,0.8674068414354879,0.7033421350433798,0.1398946209729542,0.7204111446776271,0.07708762561188963,6.530979999985753e-05
No node loss,0.930498164706067,0.018391349790334157,0.9136513391219273,0.9451028378238391,0.5135566743479094,0.05284807949809044,0.836938727266498,0.03817613223470621,0.8104001918088605,0.8634772627241354,0.7026905798840919,0.14600108504697984,0.7553659131817179,0.08183969769344505,-3.7283194830872723e-05
No FISA distillation,0.9300248377859895,0.015520075902346253,0.9157806220192342,0.9416015730150731,0.5160299655372234,0.04734873211008369,0.8354201590109906,0.043691698394225494,0.8009468031986462,0.8672409171030836,0.6998717465107507,0.14214097180072263,1.5091904143857602,0.16453489944706898,-0.000510610114908383
No label prediction,0.6205821663209936,0.20961403518362723,0.5889236685651185,0.6743659460735223,0.16253517533664436,0.11059677443502762,0.5620598101094012,0.09580251881682376,0.5370635908592565,0.5904638717117164,0.5976139364219334,0.1583893700773152,0.00020173341185205076,4.248985200029828e-05,-0.3099532815799043
No L2 regularization,0.9305169574851786,0.017023503687066233,0.9148631398724278,0.9436754688405273,0.5142139924176287,0.05603742234794931,0.8410861661969966,0.04084593854743648,0.8068614217879653,0.8680350380177203,0.703342820890916,0.1402033418873,0.7207253823955699,0.0763706624806157,-1.8490415719329967e-05
Uniform mean pooling,0.9230689325900698,0.020527063242727715,0.9080712279425992,0.9380666372375407,0.48835141753893724,0.06684066339051116,0.8445318305179056,0.02185647843692916,0.8305316034976172,0.8572931638270322,0.7122423785192552,0.12302516344888144,0.5845165465269413,0.06420134949573011,-0.007466515310828092
Prediction only,0.9302909917308562,0.017570901770333176,0.9138648095818264,0.9432805739568572,0.5275821516108353,0.04320118742615561,0.836562045132607,0.041192346854203095,0.80676043631152,0.866363653953694,0.6983916875278625,0.146128548003913,1.5916940420565666,0.18969483710988305,-0.00024445617004176246
SGNS only,0.5980290427316625,0.19321948573738706,0.558530551320733,0.6540958990616768,0.13066237532373046,0.0871719554492456,0.5301712138697658,0.07848320949400286,0.5069869761897222,0.5606805320779831,0.5519289461952608,0.16941644917619317,0.0002109554616426278,4.6358046919320445e-05,-0.33250640516923546
Full FKG-E,0.9305354479008979,0.017033897760552908,0.9148721896461834,0.943712840540174,0.5142139924176287,0.05603742234794931,0.8410861661969966,0.04084593854743648,0.8068614217879653,0.8680350380177203,0.703342820890916,0.1402033418873,0.7205666881945569,0.07639029352507641,0.0
