method,status,official_baseline,auc_roc_mean,auc_roc_std,auc_roc_ci95_low,auc_roc_ci95_high,f1_mean,f1_std,balanced_accuracy_mean,balanced_accuracy_std,balanced_accuracy_ci95_low,balanced_accuracy_ci95_high,accuracy_mean,agreement_mean,fidelity_balanced_accuracy_mean,cohen_kappa_mean,train_time_s_mean,avg_time_per_query_ms_mean,n_parameters_mean
FISA lookup,completed,True,0.8231363338948132,0.0790581063761328,0.7567790449324969,0.8804820999900066,0.2845230720846873,0.08754258039846863,0.7140977822544274,0.0717857755520493,0.6648818750305652,0.7731058982297372,0.6376427420184493,,,,0.00594639778137207,0.04563475500543537,
DeepWalk-lite + kNN,completed,False,0.8581575962700093,0.05658966331972748,0.8211704902779544,0.8920025855451865,0.4656469480969106,0.0843089512684338,0.7340471857378381,0.05954111407291665,0.7054525328103054,0.761875282262437,0.9018538458900587,,,,6.398810453414917,0.12683509369984866,2508.8
TransE-lite + kNN,completed,False,0.766593478408303,0.06309094990856018,0.7326377026070205,0.8182373280639533,0.37179598873865244,0.08434909015073333,0.6545142046861909,0.048935599198020395,0.6266371329011655,0.6841105192990959,0.9051321971125819,,,,3.5154090690612794,0.12327728576937486,2508.8
DistMult-lite + kNN,completed,False,0.845647386004638,0.04205484540393081,0.8213558363778691,0.8761008812923068,0.41599687931551627,0.09880480227975154,0.6910956903792705,0.06467130057437857,0.658178763468133,0.7404192857006168,0.8998655738829258,,,,4.931043090820313,0.13021892499075044,2508.8
MLP fuzzy features,completed,True,0.929124670852572,0.02460799744493496,0.9070249287153311,0.9488173396837822,0.5761138016887334,0.0459423730258532,0.8213158410044801,0.0542178187022752,0.7797441766135487,0.8623949888051847,0.9172209457837524,,,,0.4555044680001447,0.0025181595235899325,7066.6
FKG-E unsupervised,completed,True,0.6054680079817316,0.19043438708881205,0.5674320536579904,0.6596824627317901,0.16066138920986595,0.09122853087163389,0.5458007266015429,0.10243710303898686,0.5168365017990031,0.574830181137002,0.6454250540104934,0.5709468125235759,0.5446177078517996,0.09555643714791427,23.565315036773683,0.18231370764628374,5017.6
FKG-E full,completed,True,0.9114203713590489,0.03124490006368473,0.8866438190219584,0.9370200443540071,0.4761372722279878,0.08980286842174597,0.8223340075824354,0.04986274754510669,0.7952954500106203,0.8680654763803217,0.8541833270463975,0.7158910874112686,0.6927307800662064,0.3851667622390221,24.098581562042238,0.17564124920978913,5017.6
Node2Vec + kNN,not_implemented_node2vec_bias_parameters,False,,,,,,,,,,,,,,,,,
XGBoost fuzzy/original features,unavailable_dependency_xgboost,False,,,,,,,,,,,,,,,,,
TransE/DistMult (PyKEEN standard),unavailable_dependency_pykeen,False,,,,,,,,,,,,,,,,,
