method,status,official_baseline,auc_roc_mean,f1_mean,accuracy_mean,train_time_s_mean,avg_time_per_query_ms_mean,n_parameters_mean
FISA lookup,completed,True,0.917454954954955,0.36538461538461536,0.7272727272727273,0.006081342697143555,0.04492810935028328,
DeepWalk-lite + kNN,completed,False,0.8731981981981982,0.47619047619047616,0.9090909090909091,5.702993631362915,0.11272765388173504,2528.0
TransE-lite + kNN,completed,False,0.8856981981981982,0.47619047619047616,0.9090909090909091,3.3194661140441895,0.1134182796005375,2528.0
DistMult-lite + kNN,completed,False,0.8992117117117117,0.6046511627906976,0.9297520661157025,4.2933876514434814,0.1146665289382304,2528.0
MLP fuzzy features,completed,True,0.9644144144144144,0.68,0.9338842975206612,0.4195412999997643,0.0022582644606317,7105.0
FKG-E unsupervised,completed,True,0.6997747747747748,0.0,0.9173553719008265,54.40361738204956,0.09901528925138713,5056.0
FKG-E full,completed,True,0.9346846846846847,0.4,0.7892561983471075,54.46271371841431,0.0995037189493228,5056.0
Node2Vec + kNN,not_implemented_node2vec_bias_parameters,False,,,,,,
XGBoost fuzzy/original features,unavailable_dependency_xgboost,False,,,,,,
TransE/DistMult (PyKEEN standard),unavailable_dependency_pykeen,False,,,,,,
