variant,auc_roc_mean,f1_mean,balanced_accuracy_mean,agreement_mean,mean_kl_divergence_mean,delta_auc_vs_full
No SGNS,0.9346846846846847,0.4146341463414634,0.8236486486486486,0.8181818181818182,0.20721446768135376,0.0
No node loss,0.9326576576576576,0.4657534246575342,0.8439189189189189,0.7975206611570248,0.22519218661325285,-0.002027027027027062
No FISA distillation,0.9342342342342342,0.41860465116279066,0.8418918918918918,0.8099173553719008,0.22440898938618709,-0.00045045045045044585
No label prediction,0.6997747747747748,0.0,0.5,0.6528925619834711,0.02731138399311735,-0.2349099099099099
No L2 regularization,0.9346846846846847,0.4,0.8168918918918919,0.8057851239669421,0.20697250701240075,0.0
Uniform mean pooling,0.9274774774774774,0.0,0.5,0.6528925619834711,0.025347681495618418,-0.007207207207207245
Prediction only,0.9331081081081081,0.4473684210526316,0.8371621621621621,0.8099173553719008,0.24240827235070092,-0.001576576576576616
SGNS only,0.731081081081081,0.0,0.5,0.6528925619834711,0.028459953899214314,-0.20360360360360363
Full FKG-E,0.9346846846846847,0.4,0.8168918918918919,0.8057851239669421,0.2069400119991782,0.0
