weight,multiplier,effective_value,auc_roc_mean,agreement_mean,mean_kl_divergence_mean
lambda_S,0.0,0.0,0.9346846846846847,0.8181818181818182,0.20721446768135376
lambda_S,1.0,1.0,0.9346846846846847,0.8057851239669421,0.2069400119991782
lambda_N,0.0,0.0,0.9326576576576576,0.7975206611570248,0.22519218661325285
lambda_N,1.0,1.0,0.9346846846846847,0.8057851239669421,0.2069400119991782
lambda_I,0.0,0.0,0.9342342342342342,0.8099173553719008,0.22440898938618709
lambda_I,1.0,2.0,0.9346846846846847,0.8057851239669421,0.2069400119991782
lambda_P,0.0,0.0,0.6997747747747748,0.6528925619834711,0.02731138399311735
lambda_P,1.0,20.0,0.9346846846846847,0.8057851239669421,0.2069400119991782
lambda_C,0.0,0.0,0.9346846846846847,0.8057851239669421,0.20697250701240075
lambda_C,1.0,1e-05,0.9346846846846847,0.8057851239669421,0.2069400119991782
