weight,multiplier,effective_value,auc_roc_mean,auc_roc_std,auc_roc_ci95_low,auc_roc_ci95_high,agreement_mean,agreement_std,agreement_ci95_low,agreement_ci95_high,mean_kl_divergence_mean,mean_kl_divergence_std
lambda_S,0.0,0.0,0.9306007577008978,0.01695979833128155,0.9150039241432429,0.9436741331769168,0.7033421350433798,0.1398946209729542,0.5890415280683104,0.8176427420184492,0.7204111446776271,0.07708762561188963
lambda_S,0.1,0.1,0.9306469700685642,0.017117584296911847,0.9149365936548598,0.9439187266020624,0.7030115565309832,0.14030260485730134,0.588380371043517,0.8176427420184492,0.7203781148869384,0.0769643030191654
lambda_S,0.3,0.3,0.930537268286883,0.0168956458119954,0.9150350963013502,0.9435066691250589,0.7030115565309832,0.14029753378105173,0.588380371043517,0.8176427420184492,0.7203603213571416,0.07692921463035411
lambda_S,1.0,1.0,0.9305354479008979,0.017033897760552908,0.9148721896461834,0.943712840540174,0.703342820890916,0.1402033418873,0.5888769246596481,0.8178087171221836,0.7205666881945569,0.07639029352507641
lambda_S,3.0,3.0,0.9306264757437203,0.017188427449800234,0.9148307082982006,0.9440117326078535,0.7031795891773258,0.14114442874228098,0.5880525359212647,0.8183066424333869,0.7217250928772377,0.07619205876346763
lambda_S,10.0,10.0,0.9312692843637602,0.01687330944474985,0.9158239263316663,0.9443802097805623,0.7013579781214636,0.14169658179199693,0.5854051644319467,0.8173107918109803,0.7202230894457672,0.07927078327963054
lambda_N,0.0,0.0,0.930498164706067,0.018391349790334157,0.9136513391219273,0.9451028378238391,0.7026905798840919,0.14600108504697984,0.5829347416069408,0.8224464181612428,0.7553659131817179,0.08183969769344505
lambda_N,0.1,0.1,0.9301881835401113,0.017067661947806338,0.9145234794213122,0.9429414702230652,0.7031768457871815,0.14073466987809086,0.5880497925311203,0.8183038990432427,0.7220125830977057,0.07669482138614911
lambda_N,0.3,0.3,0.9303103800197055,0.01706972392877174,0.9146270497694646,0.9430729797683801,0.7030108706834471,0.14068850799346902,0.5878838174273859,0.8181379239395083,0.7216547013250428,0.07627720906165442
lambda_N,1.0,1.0,0.9305354479008979,0.017033897760552908,0.9148721896461834,0.943712840540174,0.703342820890916,0.1402033418873,0.5888769246596481,0.8178087171221836,0.7205666881945569,0.07639029352507641
lambda_N,3.0,3.0,0.9311020769845271,0.01668059179297681,0.9156404742441895,0.9444135001180081,0.7031761599396456,0.13968210416149346,0.5888769246596481,0.8174753952196427,0.715548329501348,0.07593309969552839
lambda_N,10.0,10.0,0.9320094492240156,0.01675259173437841,0.9167605586057599,0.9467497784132475,0.7053256061177601,0.13808908230743078,0.5921827097836152,0.818468502451905,0.6956664831969094,0.07520485865645223
lambda_I,0.0,0.0,0.9300248377859895,0.015520075902346253,0.9157806220192342,0.9416015730150731,0.6998717465107507,0.14214097180072263,0.5839196186687698,0.8158238743527313,1.5091904143857602,0.16453489944706898
lambda_I,0.1,0.2,0.9301469813397233,0.015856906147592588,0.9156826051919278,0.9420091918682901,0.6998696889681425,0.1415811284435212,0.5842488254860944,0.8154905524501903,1.3652232547954015,0.14424943441426447
lambda_I,0.3,0.6,0.9301942894006646,0.016217178710669546,0.9152967437549482,0.9422142961937627,0.7015260107678064,0.14207031271040577,0.5852433044134289,0.8178087171221838,1.1425089463297737,0.11835513958622576
lambda_I,1.0,2.0,0.9305354479008979,0.017033897760552908,0.9148721896461834,0.943712840540174,0.703342820890916,0.1402033418873,0.5888769246596481,0.8178087171221836,0.7205666881945569,0.07639029352507641
lambda_I,3.0,6.0,0.9309966510947644,0.01856958868305258,0.9143027469002701,0.945978014331969,0.7045012173793767,0.14156651248137228,0.5885449744521793,0.8204574603065738,0.34322725724244113,0.04068301469993047
lambda_I,10.0,20.0,0.9311079409312759,0.02030991031981012,0.9132402502526341,0.9482055814086662,0.7097987037481568,0.14216066010569847,0.592847981893625,0.8267494256026884,0.10197138501031916,0.013876818527355573
lambda_P,0.0,0.0,0.6205821663209936,0.20961403518362723,0.5889236685651185,0.6743659460735223,0.5976139364219334,0.1583893700773152,0.5504132231404958,0.644814649703371,0.00020173341185205076,4.248985200029828e-05
lambda_P,0.1,2.0,0.8999861327414258,0.03567868519051199,0.8730543583897787,0.9306358229837107,0.6945660299715374,0.15195891390291863,0.5660491752683379,0.8230828846747368,0.003116005005657489,0.0014202650257449862
lambda_P,0.3,6.0,0.9226458577499684,0.025843792689753342,0.9024399645780617,0.9445495665597152,0.7148959226363979,0.13471233166139007,0.6020767463392888,0.8277150989335071,0.2317489612085857,0.019732591984361045
lambda_P,1.0,20.0,0.9305354479008979,0.017033897760552908,0.9148721896461834,0.943712840540174,0.703342820890916,0.1402033418873,0.5888769246596481,0.8178087171221836,0.7205666881945569,0.07639029352507641
lambda_P,3.0,60.0,0.9284539573347136,0.019848466509845068,0.9110496235697474,0.9418451139362162,0.6959020609718459,0.144847401493351,0.577478138609787,0.8143259833339049,1.197850100834116,0.1765786416272994
lambda_P,10.0,200.0,0.9272779707761313,0.022262699875536567,0.9063017560869815,0.9411228082971548,0.699208531943349,0.14371755721292184,0.5811145022461506,0.8173025616405474,1.758300439307019,0.40964620179914724
lambda_C,0.0,0.0,0.9305169574851786,0.017023503687066233,0.9148631398724278,0.9436754688405273,0.703342820890916,0.1402033418873,0.5888769246596481,0.8178087171221836,0.7207253823955699,0.0763706624806157
lambda_C,0.1,1.0000000000000002e-06,0.9305169574851786,0.017023503687066233,0.9148631398724278,0.9436754688405273,0.703342820890916,0.1402033418873,0.5888769246596481,0.8178087171221836,0.7207135985716119,0.0763715537715954
lambda_C,0.3,3e-06,0.9305173891181332,0.017028820857443176,0.9148541308634188,0.9436947817574094,0.703342820890916,0.1402033418873,0.5888769246596481,0.8178087171221836,0.7206795572762976,0.07636507412888817
lambda_C,1.0,1e-05,0.9305354479008979,0.017033897760552908,0.9148721896461834,0.943712840540174,0.703342820890916,0.1402033418873,0.5888769246596481,0.8178087171221836,0.7205666881945569,0.07639029352507641
lambda_C,3.0,3.0000000000000004e-05,0.9305448885428614,0.017045720915059105,0.9148721896461834,0.9437411624660648,0.7035081101471143,0.1399965071524062,0.5892075031720448,0.8178087171221836,0.7200609728128056,0.07639005077178278
lambda_C,10.0,0.0001,0.9305439809908704,0.01707803069943279,0.9148333494246806,0.9437308993229385,0.7035081101471143,0.1399965071524062,0.5892075031720448,0.8178087171221836,0.7184550699288734,0.07614205297570727
