Train Time,Test Time,Total Time,Test Accuracy,Test Precision,Test Recall,Count List Rank,List Rank Length,Label
13.737619400024414,50.10612964630127,63.843749046325684,[81.54],87.61800000000001,76.47600000000001,"{(0.2,): 80, (0.20002854869050818,): 3, (0.20901998881912948,): 3, (0.20741223252171817,): 3, (0.2850955199266256,): 3, (0.20227075389038543,): 2, (0.2052265928676677,): 2, (0.2012000356630294,): 2, (0.20053201510514765,): 2, (0.21944832432020414,): 2, (0.20045993059125317,): 2, (0.21143236340479213,): 2, (0.20205225492312176,): 2, (0.20335638389149766,): 2, (0.21825203646556895,): 2, (0.2058935184076871,): 2, (0.20058607860941235,): 2, (0.21790343971223858,): 2, (0.21784609744404432,): 2, (0.20301004335894435,): 2, (0.20172753470798238,): 2, (0.2023567931235797,): 2, (0.20623540243012434,): 2, (0.2825408496457292,): 2, (0.2758194525167448,): 2, (0.20007088296808526,): 2, (0.20008405578762894,): 2, (0.2137439445220174,): 2, (0.215644167491776,): 2, (0.2319054881891476,): 2, (0.20519727374005942,): 1, (0.20513769918765032,): 1, (0.20501801896151406,): 1, (0.20524315559430176,): 1, (0.204790618646124,): 1, (0.20527678525875806,): 1, (0.20477234879970813,): 1, (0.20529884386863906,): 1, (0.20530966385407987,): 1, (0.2053822026241178,): 1, (0.2053580145275032,): 1, (0.2000328175639175,): 1, (0.2056540706579924,): 1, (0.20543883127614598,): 1, (0.2061358907791618,): 1, (0.20002451110052094,): 1, (0.2071847521635317,): 1, (0.2067865369629284,): 1, (0.20654199378200158,): 1, (0.20640288644897878,): 1, (0.20623167294304123,): 1, (0.2061855726178264,): 1, (0.20615265016854697,): 1, (0.20602313318968288,): 1, (0.20545119211529345,): 1, (0.2059598065843384,): 1, (0.20591973903254696,): 1, (0.20583223445236895,): 1, (0.20575096813681,): 1, (0.20476726484630348,): 1, (0.20559418703765484,): 1, (0.20546144337420386,): 1, (0.2054584354775299,): 1, (0.20477025529543008,): 1, (0.20427499716475608,): 1, (0.2046855767754216,): 1, (0.20344357235513166,): 1, (0.2034236424452546,): 1, (0.2033106756924994,): 1, (0.20325183101519922,): 1, (0.20317448415869893,): 1, (0.20316508068891118,): 1, (0.20310150381657416,): 1, (0.20304115477909293,): 1, (0.20300143747637606,): 1, (0.20293483848952648,): 1, (0.20293121166081513,): 1, (0.20286244264290898,): 1, (0.20283045389444165,): 1, (0.2027946903411752,): 1, (0.20278337769745397,): 1, (0.20277570289462565,): 1, (0.2027573518244571,): 1, (0.2027254608443388,): 1, (0.20343775247358986,): 1, (0.2034542215104678,): 1, (0.2046129474807566,): 1, (0.20348707925058646,): 1, (0.2044411111227921,): 1, (0.20442524553050062,): 1, (0.2043021794237791,): 1, (0.2042861709431424,): 1, (0.2079934097059308,): 1, (0.20426296621724194,): 1, (0.2042209172030639,): 1, (0.20418783834478735,): 1, (0.20415177949785723,): 1, (0.2041244922610162,): 1, (0.2040402586143204,): 1, (0.20396910545771782,): 1, (0.2039136902388945,): 1, (0.20370003012510063,): 1, (0.2036901668937667,): 1, (0.20355751925447782,): 1, (0.20351872783787744,): 1, (0.2076852665059926,): 1, (0.2091204849981785,): 1, (0.20810622434855403,): 1, (0.22138973201213588,): 1, (0.22498017578401547,): 1, (0.22391543882962772,): 1, (0.22334374618958644,): 1, (0.2233286444345215,): 1, (0.22316759186941032,): 1, (0.2223092040088132,): 1, (0.22228681716553297,): 1, (0.22226844411024912,): 1, (0.2210826062262622,): 1, (0.2153082770738551,): 1, (0.22080338599410992,): 1, (0.2207553732839578,): 1, (0.22037482510038342,): 1, (0.22021182036995984,): 1, (0.21939862453520387,): 1, (0.21934761061480065,): 1, (0.21732273256914186,): 1, (0.21608432271693448,): 1, (0.22549974343339263,): 1, (0.2255048286535744,): 1, (0.2264271582930351,): 1, (0.2266660162753288,): 1, (0.2577501784851424,): 1, (0.25375200312832286,): 1, (0.24830910323020589,): 1, (0.24157144523151727,): 1, (0.24006497697826315,): 1, (0.23720657444791265,): 1, (0.23443366559891649,): 1, (0.23424270276528486,): 1, (0.23070431929786944,): 1, (0.2306438475076171,): 1, (0.2295884454088299,): 1, (0.22931260893893363,): 1, (0.22873872994655145,): 1, (0.2284873063786819,): 1, (0.22755483288168998,): 1, (0.2272801183101992,): 1, (0.22727652709989693,): 1, (0.21595457011696756,): 1, (0.21469663266498082,): 1, (0.20813209190426438,): 1, (0.20944766808832257,): 1, (0.21082541898008733,): 1, (0.2101229489351402,): 1, (0.21000928649217335,): 1, (0.2099229623207053,): 1, (0.20991233005564866,): 1, (0.20959417327683838,): 1, (0.2094997048492029,): 1, (0.20948680433378247,): 1, (0.20944150876959564,): 1, (0.21458838732300406,): 1, (0.20934349354069742,): 1, (0.209291349414599,): 1, (0.20269028409935366,): 1, (0.2000220343165385,): 1, (0.20889991503050898,): 1, (0.20885255516507306,): 1, (0.2084643912393797,): 1, (0.20831772686826952,): 1, (0.21084643456255756,): 1, (0.21093941693367818,): 1, (0.2110008221895166,): 1, (0.21100803247648833,): 1, (0.21372184669254987,): 1, (0.21368161555291898,): 1, (0.21363092912850848,): 1, (0.2135073666680418,): 1, (0.21345470259961835,): 1, (0.21291559572293353,): 1, (0.21280891951569272,): 1, (0.21207233893462962,): 1, (0.2120487565364468,): 1, (0.21197255213432384,): 1, (0.2119388713336852,): 1, (0.21160684865548066,): 1, (0.21159376007920389,): 1, (0.211386427275605,): 1, (0.21130993919297747,): 1, (0.21111564352941076,): 1, (0.2110123993184952,): 1, (0.20270594186863886,): 1, (0.20252792764719119,): 1, (0.2026599171024083,): 1, (0.20066280603328193,): 1, (0.20042723088746903,): 1, (0.20042501579573196,): 1, (0.2004050665671198,): 1, (0.20039958348340012,): 1, (0.20039690390485784,): 1, (0.2003785765943862,): 1, (0.20037829141666547,): 1, (0.20037414296880976,): 1, (0.20036189557566264,): 1, (0.20035854077405985,): 1, (0.20035410906868284,): 1, (0.20035175336359579,): 1, (0.20035126899012398,): 1, (0.20034035966758745,): 1, (0.20032063483890136,): 1, (0.20031720006844106,): 1, (0.20030967680275605,): 1, (0.20030769284338742,): 1, (0.2003039543304424,): 1, (0.20042872706882192,): 1, (0.20043510475578782,): 1, (0.20045418044995372,): 1, (0.2005469681525597,): 1, (0.20065948992967256,): 1, (0.20065543251601412,): 1, (0.20063365366040203,): 1, (0.20062854539742417,): 1, (0.20061623976743967,): 1, (0.2005619561753861,): 1, (0.20055585338622925,): 1, (0.20055114915654387,): 1, (0.20054287280457928,): 1, (0.20047039781232984,): 1, (0.20053773618189014,): 1, (0.20053456654791876,): 1, (0.20052282520101267,): 1, (0.20051414100219625,): 1, (0.20050997707884874,): 1, (0.2005021326554298,): 1, (0.20047590090879874,): 1, (0.20047223126810418,): 1, (0.20029694028690825,): 1, (0.20029332744038075,): 1, (0.20029059311272351,): 1, (0.2001489239960917,): 1, (0.20019683245687458,): 1, (0.20018170090188558,): 1, (0.20017764830501728,): 1, (0.20015996155942764,): 1, (0.20015919146411823,): 1, (0.2001563179936839,): 1, (0.20015611456259588,): 1, (0.20014980908704724,): 1, (0.20014408556805177,): 1, (0.20020422221748763,): 1, (0.20014064499313794,): 1, (0.20010056050301836,): 1, (0.20008909466539346,): 1, (0.20008835839800143,): 1, (0.2000740812144411,): 1, (0.20005241450959346,): 1, (0.200049881780862,): 1, (0.20004399102615875,): 1, (0.20020227954601322,): 1, (0.20021369887528942,): 1, (0.20029019351189073,): 1, (0.2002563184626783,): 1, (0.2002811470565681,): 1, (0.20027170535894467,): 1, (0.20026949341807315,): 1, (0.2002676704844338,): 1, (0.20026693627240857,): 1, (0.20026258918229164,): 1, (0.2002617788858108,): 1, (0.20025683872062025,): 1, (0.2002562003339422,): 1, (0.2002182516197085,): 1, (0.2002556079915882,): 1, (0.2002540281590487,): 1, (0.200252298622279,): 1, (0.20024598020064432,): 1, (0.20022851101436023,): 1, (0.2002253416635054,): 1, (0.20022415852904824,): 1, (0.20022230042817232,): 1, (0.20066231346580987,): 1, (0.2006684449831002,): 1, (0.20261507654347335,): 1, (0.20067470578969768,): 1, (0.20195974862647073,): 1, (0.2018888167683096,): 1, (0.20187339860301384,): 1, (0.20183465418900862,): 1, (0.20182277107003604,): 1, (0.20177812311285753,): 1, (0.20171751397363277,): 1, (0.20168741360803635,): 1, (0.20163979450437283,): 1, (0.20163825551369782,): 1, (0.2015836605772472,): 1, (0.2015644444350584,): 1, (0.20156375919873534,): 1, (0.20154324422883985,): 1, (0.20151711433111852,): 1, (0.20151552306213105,): 1, (0.20146339474773894,): 1, (0.20145817186470114,): 1, (0.20144433303730847,): 1, (0.2019735017759677,): 1, (0.20200307444942386,): 1, (0.2020122069319721,): 1, (0.20230190447915666,): 1, (0.20260883707336158,): 1, (0.20258265607894566,): 1, (0.20255075142827772,): 1, (0.20003858728320148,): 1, (0.2025094887384018,): 1, (0.20000081216845206,): 1, (0.20244753789671108,): 1, (0.2023722788709033,): 1, (0.20228067394188404,): 1, (0.20201749753420187,): 1, (0.20226252888322346,): 1, (0.20225043481165003,): 1, (0.2022280843624063,): 1, (0.20219925832499638,): 1, (0.20219598721537538,): 1, (0.20216903916520465,): 1, (0.2021277539970965,): 1, (0.2021126594530536,): 1, (0.20143722908317196,): 1, (0.20141811657126352,): 1, (0.20140262878507462,): 1, (0.2008291110743035,): 1, (0.20099216597019642,): 1, (0.2009907158727606,): 1, (0.20096058947813314,): 1, (0.20090832324470462,): 1, (0.20089770015407538,): 1, (0.20088990919495872,): 1, (0.20088775989746083,): 1, (0.20087343203722693,): 1, (0.20081597862254555,): 1, (0.20102827195434023,): 1, (0.2007877568128975,): 1, (0.20076841088143538,): 1, (0.20075265520254412,): 1, (0.2007260814401826,): 1, (0.20072149519611557,): 1, (0.20071084890549293,): 1, (0.20068424159643883,): 1, (0.2006821354743951,): 1, (0.2009959896853689,): 1, (0.20104841753109864,): 1, (0.20137265085180694,): 1, (0.20124252690140343,): 1, (0.20136404862463883,): 1, (0.2013361738549651,): 1, (0.2013028419206206,): 1, (0.20128446352924342,): 1, (0.20127052416823937,): 1, (0.20126907349556125,): 1, (0.2012529461344598,): 1, (0.20125140423582874,): 1, (0.20123722202084013,): 1, (0.2011350240500712,): 1, (0.20122240436462413,): 1, (0.20121333748391174,): 1, (0.20120668422874136,): 1, (0.20118573716910002,): 1, (0.20117989113852475,): 1, (0.20116863194305026,): 1, (0.2011478288703998,): 1, (0.20114314350065723,): 1, (0.20244785487167655,): 1}",482,"[1. 1. 1. 1. 1. 1. 1. 1. 4. 3. 4. 1. 1. 1. 1. 1. 1. 1. 1. 3. 3. 2. 2. 1.
 3. 1. 2. 5. 3. 1. 4. 1. 4. 1. 3. 1. 1. 1. 3. 4. 4. 3. 4. 1. 4. 1. 1. 3.
 4. 3. 2. 4. 1. 1. 1. 2. 1. 4. 3. 1. 1. 5. 3. 3. 1. 4. 1. 1. 3. 3. 1. 1.
 4. 3. 1. 1. 3. 3. 1. 1. 3. 1. 3. 1. 4. 3. 3. 1. 3. 2. 1. 1. 4. 1. 2. 3.
 1. 1. 1. 3. 4. 4. 1. 4. 1. 1. 1. 5. 1. 4. 1. 4. 4. 1. 1. 3. 1. 1. 1. 1.
 1. 3. 3. 1. 1. 1. 4. 2. 2. 1. 2. 3. 1. 4. 1. 3. 1. 3. 1. 1. 5. 1. 1. 3.
 1. 1. 1. 1. 3. 3. 1. 1. 1. 3. 3. 3. 4. 1. 1. 2. 1. 1. 1. 2. 3. 1. 2. 4.
 1. 1. 3. 3. 1. 1. 1. 1. 3. 1. 1. 1. 1. 2. 4. 3. 1. 4. 1. 1. 1. 1. 4. 3.
 1. 1. 1. 1. 4. 1. 3. 1. 4. 3. 2. 2. 1. 1. 1. 4. 1. 1. 3. 1. 1. 2. 1. 3.
 1. 4. 4. 3. 2. 1. 1. 1. 1. 1. 1. 1. 3. 4. 3. 4. 1. 1. 1. 1. 3. 1. 1. 2.
 1. 1. 3. 3. 1. 1. 1. 1. 3. 1. 5. 2. 1. 1. 1. 3. 1. 1. 1. 1. 1. 1. 2. 3.
 1. 3. 1. 3. 2. 4. 1. 3. 1. 1. 1. 3. 4. 3. 2. 1. 4. 3. 1. 5. 2. 4. 1. 3.
 3. 4. 1. 1. 4. 1. 1. 3. 2. 3. 3. 1. 3. 3. 4. 3. 1. 1. 1. 1. 4. 3. 1. 4.
 3. 3. 1. 3. 1. 1. 1. 1. 3. 3. 1. 3. 4. 2. 1. 1. 3. 3. 2. 3. 4. 4. 3. 4.
 4. 3. 4. 3. 1. 1. 3. 1. 1. 4. 2. 3. 1. 3. 3. 3. 3. 1. 1. 1. 1. 1. 3. 3.
 4. 1. 3. 1. 1. 3. 1. 3. 4. 1. 1. 3. 4. 5. 1. 1. 2. 1. 5. 2. 3. 1. 1. 1.
 1. 1. 2. 1. 3. 1. 1. 4. 1. 4. 3. 1. 1. 3. 4. 1. 1. 1. 3. 3. 1. 1. 3. 3.
 4. 1. 1. 3. 4. 5. 1. 4. 1. 1. 1. 3. 1. 4. 3. 3. 4. 3. 1. 4. 1. 4. 1. 1.
 3. 4. 5. 3. 1. 4. 1. 3. 1. 1. 1. 3. 5. 3. 3. 1. 2. 1. 1. 3. 1. 4. 1. 1.
 4. 1. 3. 1. 4. 1. 4. 1. 1. 1. 1. 3. 3. 4. 3. 4. 1. 1. 1. 1. 1. 1. 3. 3.
 4. 3.]"
