table,ran,epsilon,model,modality,modality_key,folds,selected_feature_count,accuracy_pct,accuracy_std_pct,sensitivity_pct,sensitivity_std_pct,specificity_pct,specificity_std_pct,f1_pct,f1_std_pct,auc_roc_pct,auc_roc_std_pct,auc_pr_pct,auc_pr_std_pct,train_time_s,train_time_std_s,test_time_s,test_time_std_s,algorithm_total_time_s,algorithm_total_time_std_s,end_to_end_time_s,end_to_end_time_std_s
Bang 3.2,15,0.2,FKG-UM,Du lieu dang bang full,table,5,13.0,91.06,1.0360501918343514,21.42105263157894,17.43368916797417,97.11748820427269,2.26452243996281,24.042042042042038,17.93359350320231,72.21071472165475,8.38347722951442,24.2743804377043,13.0383049019666,3.547576683582156,1.02908485780477,6.8139678001403805,0.4123332670152149,7.461346530914307,0.4203320185011805,10.361544483722536,1.1186940261913043
Bang 3.2,15,0.2,FKG-UM,Du lieu anh,image,5,7.0,70.62,10.810372334013294,36.78947368421053,25.91564196802692,73.53311898023055,13.684177582157309,15.14320470815322,7.92122754021111,55.5594636884291,9.62659151630373,11.63309039495963,3.7754339351318,2.5177028350939508,0.1146387452885428,4.702931547164917,0.1535996227729228,4.738890314102173,0.1536180353906866,7.220634382258868,0.2514988184908917
Bang 3.2,15,0.2,FKG-MM,Du lieu anh+bang,fusion,5,16.0,91.642,0.4435312841277407,6.21052631578947,5.791267664633961,99.10151939168028,0.63274558354831,10.15651015651015,8.257770430720191,65.38335335635729,7.24415844853524,14.4316895116596,3.1710480070318203,5.345535269012908,1.8773310370718488,11.2369234085083,0.4638764587549618,12.440994215011596,0.4773560603050824,16.58245867752121,1.604814099069933
Bang 3.2,15,0.2,FKG-MM,Fusion Filter,fusion_filter,5,16.0,91.556,0.6119885619846192,3.10526315789473,2.83673957436039,99.2812955804251,0.67947949808125,5.48484848484848,5.04160832559646,61.65084068943626,4.46183235037942,12.071122196346721,3.10125588381687,5.377127970953007,0.206797540744556,12.44758529663086,0.8215739787788363,13.78594388961792,0.7878461645824798,17.824713267583867,0.9013416899818906
Bang 3.2,15,0.2,FKG-MM,Fusion Hadamard,fusion_hadamard,5,5.0,76.074,7.208656601614478,30.94736842105263,16.24517827463014,80.01797853288227,8.46603006445744,16.84680134680134,8.64289908992699,57.504156272353804,7.65464982445377,11.781797433673571,2.99185200042237,2.466439692096901,1.678614683404057,4.378277587890625,0.3267956870889782,4.38733434677124,0.3266296850089767,6.844717279987526,1.4989718611226288
Bang 3.2,15,0.2,FKG-MM,Fusion Tensor,fusion_tensor,5,30.0,91.64,0.5580322571321538,0.0,0.0,99.63923199217317,0.5873943968948401,0.0,0.0,50.22482488982093,0.42082408313602,8.09047828405828,0.24186113542821,57.54801991076384,4.188209855694266,43.52836093902588,7.400899599457844,96.1808111190796,8.471056830525498,101.07638084978971,11.577658843933172
Bang 3.2,15,0.2,FKG-MM,Fusion Wrapper,fusion_wrapper,5,5.6,80.14,7.442875788295815,38.0,14.971811001136079,83.81727851260956,7.99371521142203,25.19110610751477,12.73100624620771,65.86532309785098,12.53446114474367,20.8914403963757,10.61531865340058,28.03161815915373,3.718228066185008,3.754447269439697,0.1593584783239365,3.772717571258545,0.1669236820104401,31.786065428593428,3.780482553888583
Bang 3.3,15,0.3,FKG-UM,Du lieu dang bang full,table,5,13.0,90.482,1.7555682840607487,23.78947368421052,24.5383977469785,96.31112495528218,3.4380448285933904,23.7998474446987,18.21656734464355,73.59580863503936,7.69255485802033,24.47187199422055,12.56929954137429,3.5552950559271266,1.0364082789075606,6.847592782974243,0.453530002636575,7.487957763671875,0.4753807592111615,10.40288783890137,1.1629052261706951
Bang 3.3,15,0.3,FKG-UM,Du lieu anh,image,5,7.0,65.15,3.918679624567436,39.05263157894737,19.30277060187441,67.41419889138169,5.03341762673311,14.899026771330481,6.2577899087867594,56.66364104357482,11.40861215959969,12.758092042719571,5.06216254184172,2.5215742282976863,0.113873578253208,4.633548641204834,0.1634201270042064,4.668622875213623,0.1620347988097399,7.15512286950252,0.2665740579787475
Bang 3.3,15,0.3,FKG-MM,Du lieu anh+bang,fusion,5,16.0,91.558,0.4731490251495804,2.05263157894736,2.8122210541879,99.37098167907979,0.67968003587617,3.57142857142857,4.90845907811626,60.670701161916504,6.77890983561117,11.06136634209828,2.5277991031461298,5.359897270431975,1.8783166895669672,11.08678879737854,0.4123019342299712,12.301319456100464,0.4206378525850083,16.446686067810514,1.5185024065867558
Bang 3.3,15,0.3,FKG-MM,Fusion Filter,fusion_filter,5,16.0,91.64,0.3349626844888874,5.1578947368421,5.1352888074317695,99.19039750746424,0.49178760381299996,8.55072463768115,8.51873159981773,58.32668120400839,2.93157043570123,11.592931081790251,3.1550248283268,5.415156974096317,0.2267141879913989,12.23863925933838,0.94513562051994,13.606387329101562,0.9230092768119458,17.653796233434697,1.0210385420984986
Bang 3.3,15,0.3,FKG-MM,Fusion Hadamard,fusion_hadamard,5,5.0,74.09400000000001,7.772977550462882,32.89473684210526,13.84270561035517,77.67403484892273,9.38040656758114,16.435660311601442,4.55782500125939,57.830016889805314,5.26744315370622,11.202632730261811,2.16532976609029,2.466290346698952,1.6781485628221222,4.605220603942871,0.511422437181503,4.614269256591797,0.5116572957271724,7.071510950641823,1.3140715251756083
Bang 3.3,15,0.3,FKG-MM,Fusion Tensor,fusion_tensor,5,30.0,92.054,0.1983179265724631,1.0,2.2360679774997902,100.0,0.0,1.9047619047619,4.25917709999959,50.902550822031166,1.09600351290588,9.00736044748498,2.1761622239346403,57.89892594904813,4.3848773458882695,49.24151158332825,17.298059948910243,102.241885137558,18.56504091625036,107.14043753237638,21.67513468579049
Bang 3.3,15,0.3,FKG-MM,Fusion Wrapper,fusion_wrapper,5,5.6,78.398,7.095200490472415,28.78947368421052,10.56178235608915,82.73334755529427,7.6997001584516696,18.83322954686521,9.206274816059281,59.33428424537214,11.11817003151306,18.30363266527648,7.91311842263906,28.033293478825364,3.720002926334109,3.706585741043091,0.0935454207852079,3.724997043609619,0.0948542469769084,31.739879219868453,3.740276013541797
Bang 3.4,20,0.2,FKG-UM,Du lieu dang bang full,table,5,13.0,90.066,2.4076814573360816,26.99999999999999,24.62854232294125,95.58795469373153,2.15297494512674,26.92406692406692,22.59205320163431,75.12881858376382,9.36815826132429,23.52034896950753,10.56108166764445,4.074728506625979,1.03164128653142,7.930140638351441,0.7647912935132943,9.055383110046389,0.8311396726945356,12.00486914497742,1.3337420509706877
Bang 3.4,20,0.2,FKG-UM,Du lieu anh,image,5,7.0,66.226,4.992647594212916,37.94736842105263,19.23610409701052,68.68074128955163,5.7784059474608,15.12269745320592,6.8049016816421695,53.90072598627139,14.274630111237599,12.909472154061941,3.67263400460208,2.5834781818499324,0.1157144070650496,4.8155104637146,0.1952471083855781,4.882662630081176,0.1983836507420599,7.398988645564532,0.1578813454871835
Bang 3.4,20,0.2,FKG-MM,Du lieu anh+bang,fusion,5,16.0,91.64,0.6155079203389672,6.21052631578947,8.66545023070532,99.10111540024492,0.44691295771608,9.79020979020979,12.57769632769577,69.40720360986504,5.74575975578756,15.29681498063438,2.68433270227117,6.264137020340423,1.7999545544069004,13.82908239364624,0.9576367070160255,15.924196767807008,0.9775132820926654,20.093219413986663,1.7947733428066988
Bang 3.4,20,0.2,FKG-MM,Fusion Filter,fusion_filter,5,16.0,91.886,0.4778912010070952,4.1578947368421,2.32712536520359,99.54954589351847,0.31851979969603,7.54112554112554,4.23229641888042,65.07784970762383,3.09423122829167,13.06547393645845,1.56457138728648,6.519957961339969,0.1717652026234777,15.815016651153565,1.0523933693926568,18.259811639785767,1.0725969415879095,22.33497461249353,1.0531043614774
Bang 3.4,20,0.2,FKG-MM,Fusion Hadamard,fusion_hadamard,5,5.0,68.63000000000001,14.18817641559338,39.0,11.10638557560544,71.17614885749943,16.04953078161255,17.59432129347977,4.0668646410153,58.18395429145266,5.93194352322722,13.228356333004571,3.84257840588029,2.506532208042336,1.671160764170327,4.89060640335083,1.2006798387260955,4.909634637832641,1.2074008577795394,7.397138611393165,1.690086792357663
Bang 3.4,20,0.2,FKG-MM,Fusion Tensor,fusion_tensor,5,30.0,91.724,0.3045160094313611,0.0,0.0,99.72972607369864,0.24672938211134998,0.0,0.0,50.360367672422534,0.40999528103787003,8.104543290493451,0.25555919941269,78.27169525713835,4.405520803349584,52.43986563682556,1.0762673734537382,125.76702556610108,1.3701981754875616,130.7115608939639,4.243990423639332
Bang 3.4,20,0.2,FKG-MM,Fusion Wrapper,fusion_wrapper,5,5.6,80.796,5.786728782308704,40.89473684210526,21.045722550512018,84.25316333519973,6.81643951465833,25.56829583460018,10.9488963245814,63.911774536276475,12.21277635748698,21.640698218693192,9.48927684426104,28.07198824200896,3.7330746210393855,3.7285264492034913,0.129664864555641,3.761897563934326,0.1393386898818892,31.80051469121245,3.778418455840287
Bang 3.5,20,0.3,FKG-UM,Du lieu dang bang full,table,5,13.0,90.728,1.5881026415191148,24.684210526315788,19.28105294765,96.48888118685007,2.83348887187239,26.64502164502164,14.72346813282916,71.36371135819275,8.25522217171237,22.91951262657331,12.31260038638909,4.069611567081301,1.04474351701865,7.887507247924804,0.7813187645686188,8.986890840530396,0.859051375606287,11.957118815006108,1.367766675367608
Bang 3.5,20,0.3,FKG-UM,Du lieu anh,image,5,7.0,70.12,5.988259346421125,35.89473684210526,20.017824467181537,73.08019339673257,7.74910255134255,15.24986814572361,7.394458876075411,56.188379424003266,11.11433067375248,11.888945362966979,3.5449664874255298,2.588609712611651,0.1184414935569918,4.8898578643798825,0.110351978446087,4.954831647872925,0.1104995570602407,7.478467576991534,0.0676114691516408
Bang 3.5,20,0.3,FKG-MM,Du lieu anh+bang,fusion,5,16.0,91.392,0.440306711282034,6.21052631578947,5.791267664633961,98.83124912141004,0.50987094495304,9.91841491841492,8.29763982816557,66.26559387457776,3.76460842327831,13.445042877059429,2.08054325929082,6.2944924738316335,1.821919952221955,13.98817286491394,1.0265515554689248,16.10435791015625,1.0490777900456838,20.282665338745574,1.9401614380752903
Bang 3.5,20,0.3,FKG-MM,Fusion Filter,fusion_filter,5,16.0,91.722,0.5126597312057974,6.21052631578947,5.791267664633961,99.19039750746424,0.6648587098436399,10.17269686834904,8.267172516200521,62.639303378585474,2.1112615661162604,12.62239687562949,1.51832566531997,6.567863454122562,0.1556027633234399,15.455283641815186,1.4136142402308136,17.93520336151123,1.4560021855423475,22.023147095937748,1.38594856652576
Bang 3.5,20,0.3,FKG-MM,Fusion Hadamard,fusion_hadamard,5,5.0,67.726,14.187594228761968,33.99999999999999,11.9980954167238,70.65348265295508,15.502220814108899,15.54734173786822,6.10567696374043,51.885969080637196,10.19102594321459,10.98030531112686,3.97020910494466,2.496315304355812,1.677489797962198,4.54576587677002,0.4022004750687914,4.561081075668335,0.4028278042695636,7.042081181125832,1.6177778808152004
Bang 3.5,20,0.3,FKG-MM,Fusion Tensor,fusion_tensor,5,30.0,91.724,0.3045160094313611,0.0,0.0,99.72972607369864,0.24672938211134998,0.0,0.0,50.359961852971615,0.34145206436222997,8.10396159719249,0.23592032422631,78.38286459536467,4.4753014121579975,56.47644772529602,8.59963384497673,129.90639147758483,9.962020039788786,134.85931232066068,13.044897081604883
Bang 3.5,20,0.3,FKG-MM,Fusion Wrapper,fusion_wrapper,5,5.6,81.128,6.358484096071957,42.0,16.486374799106702,84.52749545601037,7.134794412887841,27.495369987533678,11.29033836873523,64.70662428912925,12.6632633160393,21.82405418544039,10.02073666965056,28.0825382641342,3.735434425597215,3.866783094406128,0.1969990986039944,3.902762985229492,0.2037540678293939,31.949321358540328,3.781328576229444
