branch,selected,source_column,selected_output_column,score,p_value
image,True,Contrast Feature,0,0.972759554454064,0.3242401384074419
image,False,Dissimilarity Feature,,0.5423560009349361,0.46163694641254505
image,False,Homogeneity Feature,,0.640330394022133,0.4237881272449424
image,True,Energy Feature,1,2.184144386091987,0.13976482870626317
image,False,Correlation Feature,,0.8819800674310027,0.34789492907617825
image,True,ASM Feature,2,2.106042327937237,0.1470433289060209
image,True,Mean Feature,3,1.3179176418955867,0.25125061760944023
image,True,Variance Feature,4,0.8934421313859635,0.3447828280780253
image,True,Standard Deviation Feature,5,1.5603534892245172,0.21191638268788807
image,True,RMS Feature,6,1.9232983627317013,0.16581376451434943
table,False,patient_age,,0.6650591864595745,0.41498075516161625
table,True,patient_sex,7,14.639396243162611,0.00013853612903907308
table,True,diabetes_time_y,8,243.2767947857193,4.415267454494338e-49
table,True,insuline,9,38.62308143526318,7.637375406087993e-10
table,True,diabetes,10,198.1347696649358,4.567443710448118e-41
table,False,exam_eye,,0.29006540858553237,0.5903028270393258
table,True,optic_disc,11,21.799546472504847,3.4547500341360133e-06
table,True,vessels,12,28.977080392410453,9.19827553547219e-08
table,True,macula,13,27.635351446775097,1.8035759537800263e-07
table,True,focus,14,5.936848193784638,0.01500742352443961
table,True,Illuminaton,15,11.521575632227133,0.0007159369513946758
table,False,image_field,,0.18493119346793757,0.6672652702039881
table,False,quality,,2.0755632249829548,0.14999904971059952
