0,1,2,3,4,5,6,7,8
3.0,4.0,2.0,2.0,3.0,1.0,5.0,0.9799292114953283,5.0
1.0,1.0,5.0,3.0,5.0,3.0,1.0,0.9821411552151613,1.0
1.0,2.0,4.0,2.0,5.0,1.0,1.0,0.9787923930022809,1.0
2.0,2.0,4.0,1.0,5.0,1.0,3.0,0.9776719243208193,3.0
2.0,2.0,4.0,1.0,5.0,1.0,3.0,0.98483283293887,3.0
2.0,2.0,4.0,1.0,5.0,1.0,1.0,0.9900298811294677,1.0
1.0,1.0,5.0,5.0,4.0,5.0,1.0,0.9765231501917789,1.0
2.0,2.0,4.0,2.0,5.0,1.0,3.0,0.98128422842112,3.0
2.0,3.0,3.0,4.0,2.0,3.0,4.0,0.9771555173557563,4.0
3.0,3.0,3.0,2.0,4.0,1.0,1.0,0.9784861046835593,1.0
2.0,2.0,4.0,4.0,3.0,3.0,4.0,0.9733900819477884,4.0
1.0,2.0,5.0,3.0,4.0,3.0,1.0,0.9793069151860029,1.0
1.0,1.0,5.0,2.0,5.0,2.0,4.0,0.989258863676026,4.0
2.0,3.0,4.0,2.0,4.0,2.0,3.0,0.9792666793347787,3.0
1.0,2.0,4.0,2.0,5.0,2.0,3.0,0.9824128635669817,3.0
1.0,1.0,5.0,2.0,5.0,2.0,1.0,0.9835509704624699,1.0
1.0,1.0,5.0,3.0,5.0,2.0,2.0,0.977896012571075,2.0
1.0,1.0,5.0,4.0,5.0,3.0,6.0,0.9806514636577477,6.0
3.0,4.0,2.0,2.0,2.0,1.0,1.0,0.9657974914876704,1.0
1.0,1.0,5.0,3.0,5.0,2.0,3.0,0.9791999196277498,3.0
1.0,1.0,5.0,3.0,5.0,3.0,2.0,0.9743097563339993,2.0
2.0,2.0,4.0,1.0,5.0,1.0,1.0,0.9909415980178565,1.0
1.0,1.0,5.0,4.0,4.0,3.0,1.0,0.9749440951444098,1.0
1.0,1.0,5.0,4.0,3.0,4.0,3.0,0.9754162864244665,3.0
1.0,2.0,4.0,3.0,5.0,2.0,1.0,0.9777274603027538,1.0
2.0,3.0,3.0,2.0,3.0,2.0,1.0,0.9769601954746707,1.0
1.0,1.0,5.0,2.0,5.0,2.0,6.0,0.9893281740083213,6.0
1.0,1.0,5.0,1.0,5.0,1.0,4.0,0.9800547449100165,4.0
3.0,4.0,2.0,2.0,3.0,1.0,1.0,0.9770165654127042,1.0
1.0,1.0,5.0,2.0,5.0,1.0,3.0,0.9746234443688346,3.0
2.0,2.0,4.0,4.0,3.0,3.0,5.0,0.982993459061696,5.0
3.0,3.0,3.0,2.0,3.0,1.0,5.0,0.9692927317270135,5.0
3.0,4.0,3.0,1.0,4.0,1.0,1.0,0.9661260064899027,1.0
1.0,1.0,5.0,3.0,5.0,3.0,3.0,0.9856684529941774,3.0
1.0,1.0,5.0,3.0,5.0,3.0,6.0,0.9831114998672946,6.0
1.0,1.0,5.0,2.0,5.0,1.0,1.0,0.9820210513733277,1.0
1.0,1.0,5.0,1.0,5.0,1.0,3.0,0.9838968946136687,3.0
1.0,1.0,5.0,2.0,5.0,1.0,3.0,0.9811241399544911,3.0
1.0,2.0,5.0,2.0,5.0,2.0,3.0,0.9786293925644199,3.0
2.0,2.0,4.0,2.0,5.0,1.0,1.0,0.9841412572080047,1.0
1.0,1.0,5.0,3.0,5.0,2.0,3.0,0.9813091178912404,3.0
1.0,2.0,4.0,2.0,5.0,2.0,3.0,0.9847653460265137,3.0
2.0,2.0,4.0,1.0,5.0,1.0,1.0,0.979590295074726,1.0
1.0,1.0,5.0,4.0,4.0,4.0,3.0,0.9850200794605765,3.0
1.0,1.0,5.0,1.0,5.0,1.0,1.0,0.9806024622640279,1.0
1.0,1.0,5.0,2.0,5.0,2.0,1.0,0.9862225802645681,1.0
1.0,2.0,5.0,3.0,5.0,2.0,5.0,0.977955050618804,5.0
2.0,3.0,3.0,1.0,5.0,1.0,1.0,0.9762703370070366,1.0
2.0,2.0,4.0,1.0,5.0,1.0,1.0,0.9827668369899097,1.0
1.0,1.0,5.0,2.0,5.0,1.0,3.0,0.9764669723143298,3.0
2.0,2.0,4.0,1.0,5.0,1.0,3.0,0.9840682125988276,3.0
2.0,2.0,4.0,1.0,5.0,1.0,3.0,0.9765890644426989,3.0
1.0,2.0,4.0,1.0,5.0,1.0,1.0,0.9885719465412981,1.0
1.0,1.0,5.0,2.0,5.0,2.0,3.0,0.9851009671851411,3.0
2.0,3.0,4.0,1.0,5.0,1.0,2.0,0.977621267253792,2.0
1.0,2.0,4.0,2.0,4.0,2.0,5.0,0.9808573424337464,5.0
2.0,2.0,4.0,1.0,5.0,1.0,3.0,0.9845314456433232,3.0
1.0,1.0,5.0,4.0,5.0,4.0,5.0,0.9731905884044226,5.0
2.0,3.0,4.0,1.0,5.0,1.0,1.0,0.980315226249133,1.0
2.0,3.0,3.0,3.0,4.0,2.0,5.0,0.9786540020286277,5.0
1.0,1.0,5.0,3.0,4.0,3.0,1.0,0.9867165544287811,1.0
1.0,1.0,5.0,2.0,5.0,1.0,1.0,0.9814339632734721,1.0
2.0,2.0,4.0,3.0,3.0,2.0,1.0,0.9780145463516452,1.0
1.0,1.0,5.0,4.0,3.0,4.0,1.0,0.9766330192679666,1.0
3.0,4.0,2.0,2.0,3.0,1.0,3.0,0.9768993379228998,3.0
2.0,2.0,4.0,2.0,5.0,1.0,5.0,0.9816068588174678,5.0
1.0,1.0,5.0,4.0,3.0,4.0,5.0,0.9867557863472387,5.0
1.0,2.0,4.0,2.0,5.0,1.0,3.0,0.9790875043962757,3.0
4.0,4.0,2.0,1.0,4.0,1.0,2.0,0.9754154187503422,2.0
1.0,1.0,5.0,3.0,5.0,2.0,3.0,0.9802190740650082,3.0
2.0,3.0,3.0,2.0,4.0,2.0,1.0,0.974307039662422,1.0
1.0,1.0,5.0,3.0,4.0,2.0,1.0,0.9833331455548767,1.0
1.0,1.0,5.0,2.0,5.0,2.0,2.0,0.976153089279187,2.0
2.0,2.0,4.0,2.0,4.0,2.0,3.0,0.97818903650467,3.0
2.0,3.0,3.0,3.0,2.0,3.0,5.0,0.9709440456985624,5.0
1.0,2.0,4.0,2.0,5.0,2.0,4.0,0.9787591811090661,4.0
1.0,2.0,4.0,3.0,4.0,3.0,1.0,0.9800402112759243,1.0
1.0,1.0,5.0,4.0,5.0,3.0,5.0,0.9813654214169658,5.0
1.0,1.0,5.0,3.0,4.0,3.0,1.0,0.9791854411816933,1.0
2.0,3.0,3.0,1.0,4.0,1.0,2.0,0.984368740830837,2.0
2.0,3.0,4.0,3.0,2.0,3.0,5.0,0.9724392630010414,5.0
1.0,2.0,4.0,3.0,4.0,3.0,3.0,0.9802793369070711,3.0
3.0,4.0,3.0,2.0,3.0,1.0,4.0,0.9711749929515543,4.0
1.0,1.0,5.0,2.0,5.0,1.0,1.0,0.9842602318311882,1.0
1.0,1.0,5.0,1.0,5.0,1.0,1.0,0.9805649473767669,1.0
2.0,3.0,3.0,2.0,4.0,1.0,1.0,0.9800165058973459,1.0
1.0,2.0,4.0,2.0,5.0,2.0,1.0,0.984822666017239,1.0
2.0,2.0,4.0,2.0,5.0,1.0,1.0,0.9818810333177861,1.0
1.0,2.0,4.0,1.0,5.0,1.0,3.0,0.9791321032243072,3.0
1.0,1.0,5.0,3.0,4.0,2.0,1.0,0.9809456671920653,1.0
2.0,3.0,3.0,2.0,3.0,1.0,2.0,0.9837462643083925,2.0
1.0,1.0,5.0,3.0,5.0,2.0,3.0,0.9819552672536402,3.0
1.0,2.0,5.0,4.0,3.0,3.0,3.0,0.9790829721346114,3.0
1.0,2.0,4.0,2.0,5.0,1.0,3.0,0.9812728469698127,3.0
2.0,2.0,4.0,3.0,3.0,3.0,2.0,0.985566803054709,2.0
2.0,2.0,4.0,3.0,3.0,3.0,4.0,0.986075896645904,4.0
5.0,5.0,1.0,1.0,1.0,1.0,5.0,0.9051596869008319,5.0
2.0,2.0,4.0,3.0,3.0,3.0,4.0,0.9812172537479281,4.0
1.0,2.0,4.0,3.0,4.0,2.0,3.0,0.9786259418526557,3.0
1.0,1.0,5.0,3.0,5.0,2.0,1.0,0.9803703300974377,1.0
2.0,2.0,4.0,2.0,4.0,2.0,4.0,0.9849489661376845,4.0
2.0,2.0,4.0,1.0,5.0,1.0,1.0,0.9785072244307741,1.0
1.0,1.0,5.0,5.0,3.0,5.0,1.0,0.9536991558441685,1.0
1.0,1.0,5.0,2.0,5.0,2.0,1.0,0.987089885133093,1.0
1.0,1.0,5.0,2.0,5.0,2.0,3.0,0.9858805858380004,3.0
1.0,2.0,4.0,2.0,5.0,2.0,1.0,0.9831791821387661,1.0
1.0,1.0,5.0,5.0,4.0,4.0,2.0,0.9552877769231399,2.0
1.0,2.0,5.0,2.0,5.0,2.0,2.0,0.9791322828678592,2.0
1.0,1.0,5.0,3.0,4.0,2.0,3.0,0.98258635241316,3.0
3.0,4.0,3.0,2.0,3.0,1.0,1.0,0.9719961230834357,1.0
1.0,1.0,5.0,3.0,4.0,3.0,3.0,0.9782181823384792,3.0
3.0,4.0,2.0,1.0,4.0,1.0,1.0,0.9800959577391835,1.0
2.0,3.0,3.0,2.0,4.0,1.0,1.0,0.9802809858525361,1.0
3.0,3.0,3.0,2.0,3.0,1.0,2.0,0.9708828502274022,2.0
3.0,4.0,3.0,1.0,4.0,1.0,1.0,0.9718261491461363,1.0
1.0,1.0,5.0,1.0,5.0,1.0,1.0,0.9824650764165389,1.0
1.0,1.0,5.0,2.0,5.0,2.0,1.0,0.979590045771306,1.0
2.0,2.0,4.0,2.0,4.0,2.0,1.0,0.9825029954882644,1.0
2.0,2.0,4.0,3.0,3.0,3.0,3.0,0.9830763602387848,3.0
2.0,2.0,4.0,3.0,4.0,2.0,1.0,0.9783089410552999,1.0
1.0,1.0,5.0,3.0,5.0,3.0,1.0,0.9709236394647008,1.0
1.0,2.0,4.0,2.0,5.0,2.0,1.0,0.9836460739678218,1.0
3.0,4.0,2.0,2.0,1.0,1.0,3.0,0.9649726962981384,3.0
1.0,2.0,4.0,1.0,5.0,1.0,3.0,0.989111569346718,3.0
2.0,2.0,4.0,3.0,5.0,3.0,5.0,0.9761386070879752,5.0
1.0,1.0,5.0,4.0,5.0,4.0,4.0,0.9777026613254681,4.0
1.0,1.0,5.0,2.0,5.0,2.0,3.0,0.990466185938428,3.0
1.0,1.0,5.0,4.0,5.0,4.0,5.0,0.9809399703417454,5.0
1.0,2.0,5.0,3.0,4.0,2.0,1.0,0.9793107108309416,1.0
3.0,4.0,3.0,1.0,3.0,1.0,1.0,0.9757707402794933,1.0
1.0,2.0,4.0,3.0,4.0,3.0,2.0,0.9799253615762573,2.0
2.0,2.0,4.0,2.0,4.0,2.0,2.0,0.9762548910149372,2.0
2.0,2.0,4.0,4.0,4.0,3.0,5.0,0.9839282050026171,5.0
3.0,4.0,2.0,1.0,2.0,1.0,2.0,0.9703412451003801,2.0
1.0,1.0,5.0,4.0,5.0,4.0,6.0,0.9682126000671349,6.0
1.0,1.0,5.0,4.0,3.0,3.0,2.0,0.9811237553025912,2.0
2.0,2.0,4.0,1.0,5.0,1.0,1.0,0.9893015421741731,1.0
2.0,2.0,4.0,3.0,4.0,2.0,6.0,0.9764507040154768,6.0
1.0,1.0,5.0,4.0,4.0,3.0,1.0,0.9729506563837061,1.0
1.0,1.0,5.0,4.0,4.0,4.0,2.0,0.9838743799960208,2.0
2.0,2.0,4.0,3.0,3.0,3.0,1.0,0.9814485125631738,1.0
4.0,4.0,2.0,1.0,3.0,1.0,1.0,0.9718820495694239,1.0
1.0,1.0,5.0,3.0,5.0,3.0,5.0,0.981003568473664,5.0
1.0,2.0,4.0,2.0,5.0,1.0,3.0,0.981094451657687,3.0
2.0,2.0,4.0,3.0,3.0,2.0,5.0,0.9781309316619518,5.0
1.0,1.0,5.0,4.0,4.0,3.0,1.0,0.9827828914544167,1.0
1.0,1.0,5.0,4.0,4.0,3.0,1.0,0.9844028087225057,1.0
2.0,2.0,4.0,1.0,5.0,1.0,3.0,0.9896948204398635,3.0
1.0,1.0,5.0,4.0,5.0,4.0,5.0,0.9623442239583553,5.0
1.0,2.0,5.0,3.0,5.0,2.0,1.0,0.9775058816625236,1.0
2.0,3.0,4.0,2.0,4.0,1.0,1.0,0.9716943676817944,1.0
1.0,1.0,5.0,4.0,5.0,4.0,4.0,0.9853571166584386,4.0
2.0,3.0,3.0,2.0,3.0,2.0,1.0,0.9807719719045002,1.0
2.0,3.0,3.0,1.0,5.0,1.0,1.0,0.9775865706354155,1.0
2.0,2.0,4.0,1.0,5.0,1.0,2.0,0.9794810847671858,2.0
1.0,1.0,5.0,4.0,5.0,4.0,6.0,0.9813464804667538,6.0
1.0,1.0,5.0,4.0,5.0,4.0,5.0,0.9774897878712967,5.0
1.0,2.0,4.0,3.0,4.0,2.0,1.0,0.9822286215259582,1.0
1.0,1.0,5.0,2.0,5.0,2.0,3.0,0.9828604000215574,3.0
2.0,2.0,4.0,3.0,4.0,3.0,4.0,0.9812568882066239,4.0
2.0,2.0,4.0,1.0,5.0,1.0,3.0,0.984445237215801,3.0
1.0,2.0,5.0,4.0,3.0,3.0,2.0,0.9815292652976931,2.0
1.0,2.0,4.0,3.0,5.0,3.0,1.0,0.981654142791777,1.0
2.0,3.0,3.0,1.0,5.0,1.0,3.0,0.9720987678772456,3.0
1.0,1.0,5.0,2.0,5.0,2.0,3.0,0.9841900089318859,3.0
2.0,3.0,3.0,1.0,5.0,1.0,3.0,0.9751838336432939,3.0
1.0,1.0,5.0,4.0,5.0,3.0,1.0,0.9787559527959958,1.0
1.0,1.0,5.0,2.0,5.0,2.0,4.0,0.9816991204087063,4.0
3.0,4.0,2.0,1.0,3.0,1.0,1.0,0.9917781471790934,1.0
1.0,1.0,5.0,3.0,5.0,3.0,1.0,0.9779068087742125,1.0
1.0,1.0,5.0,2.0,5.0,1.0,4.0,0.9859200469298579,4.0
1.0,1.0,5.0,2.0,5.0,1.0,1.0,0.9810396271005831,1.0
2.0,2.0,4.0,2.0,4.0,2.0,1.0,0.9773306030343901,1.0
1.0,1.0,5.0,4.0,4.0,4.0,3.0,0.9754712011139195,3.0
2.0,3.0,3.0,2.0,3.0,2.0,4.0,0.9824448926023261,4.0
1.0,2.0,5.0,2.0,5.0,1.0,3.0,0.9794957485217102,3.0
3.0,4.0,2.0,2.0,2.0,1.0,1.0,0.974207276750028,1.0
1.0,1.0,5.0,2.0,5.0,2.0,6.0,0.976355555962421,6.0
3.0,4.0,3.0,1.0,4.0,1.0,1.0,0.9659314796867872,1.0
1.0,1.0,5.0,3.0,4.0,3.0,1.0,0.9802703896089625,1.0
1.0,1.0,5.0,3.0,5.0,3.0,1.0,0.9759160187568929,1.0
4.0,4.0,2.0,1.0,4.0,1.0,2.0,0.9726662750688027,2.0
1.0,2.0,4.0,1.0,5.0,1.0,3.0,0.9842220630872907,3.0
1.0,1.0,5.0,3.0,5.0,2.0,1.0,0.9813235005079404,1.0
2.0,3.0,4.0,1.0,5.0,1.0,1.0,0.9755630787857063,1.0
2.0,3.0,3.0,1.0,5.0,1.0,3.0,0.9898766968135528,3.0
3.0,4.0,2.0,1.0,2.0,1.0,3.0,0.971153422150191,3.0
1.0,1.0,5.0,3.0,5.0,2.0,1.0,0.9873844175318679,1.0
1.0,1.0,5.0,3.0,5.0,2.0,1.0,0.9839211045545804,1.0
1.0,1.0,5.0,3.0,5.0,3.0,5.0,0.9830409444158786,5.0
1.0,1.0,5.0,4.0,4.0,3.0,1.0,0.9858846063732806,1.0
3.0,4.0,3.0,2.0,3.0,1.0,2.0,0.9733198361450173,2.0
1.0,1.0,5.0,2.0,5.0,1.0,5.0,0.9809337448908785,5.0
1.0,1.0,5.0,4.0,4.0,4.0,1.0,0.9805601754975967,1.0
1.0,1.0,5.0,5.0,5.0,4.0,1.0,0.9662394227915597,1.0
1.0,2.0,4.0,2.0,5.0,1.0,4.0,0.9811333570183102,4.0
1.0,2.0,4.0,1.0,5.0,1.0,3.0,0.9887674213438458,3.0
1.0,1.0,5.0,4.0,2.0,4.0,5.0,0.9624442636577181,5.0
4.0,5.0,1.0,1.0,1.0,1.0,1.0,0.9601234845939918,1.0
3.0,4.0,2.0,1.0,4.0,1.0,3.0,0.9768272206690619,3.0
2.0,2.0,4.0,2.0,4.0,1.0,3.0,0.9836236862825282,3.0
3.0,4.0,3.0,2.0,4.0,2.0,5.0,0.9661364445134845,5.0
1.0,2.0,4.0,2.0,5.0,2.0,1.0,0.9838833260456239,1.0
2.0,2.0,4.0,2.0,5.0,1.0,3.0,0.9842819485789267,3.0
2.0,3.0,3.0,2.0,3.0,2.0,3.0,0.9863101885089245,3.0
1.0,1.0,5.0,1.0,5.0,1.0,5.0,0.9847389849322478,5.0
1.0,2.0,4.0,3.0,4.0,3.0,1.0,0.9840806177878828,1.0
1.0,1.0,5.0,3.0,5.0,2.0,3.0,0.9825956211201555,3.0
1.0,1.0,5.0,3.0,4.0,3.0,2.0,0.9814259707243981,2.0
1.0,1.0,5.0,5.0,5.0,5.0,5.0,0.9596527053904865,5.0
1.0,2.0,4.0,3.0,4.0,2.0,3.0,0.9773172975353662,3.0
3.0,3.0,3.0,2.0,4.0,1.0,1.0,0.9809404730618506,1.0
2.0,3.0,3.0,2.0,4.0,1.0,1.0,0.9841701143808463,1.0
2.0,3.0,3.0,2.0,3.0,2.0,4.0,0.9794083864602222,4.0
2.0,2.0,4.0,3.0,2.0,3.0,3.0,0.9783839795053965,3.0
1.0,1.0,5.0,2.0,5.0,2.0,1.0,0.9768670089254132,1.0
2.0,2.0,4.0,2.0,4.0,2.0,3.0,0.9781925349419701,3.0
1.0,1.0,5.0,4.0,5.0,4.0,5.0,0.9768743650426792,5.0
1.0,1.0,5.0,2.0,5.0,2.0,3.0,0.9825758784308605,3.0
1.0,1.0,5.0,4.0,5.0,3.0,2.0,0.9721189323961633,2.0
3.0,3.0,3.0,2.0,4.0,1.0,1.0,0.980328791428861,1.0
1.0,1.0,5.0,2.0,5.0,2.0,1.0,0.9878109935866713,1.0
2.0,3.0,3.0,1.0,4.0,1.0,1.0,0.985899267514186,1.0
1.0,1.0,5.0,4.0,5.0,4.0,4.0,0.9761198773859722,4.0
2.0,3.0,3.0,1.0,5.0,1.0,2.0,0.9861008759712135,2.0
1.0,1.0,5.0,3.0,5.0,2.0,3.0,0.9774654813400474,3.0
1.0,1.0,5.0,2.0,5.0,2.0,5.0,0.9825473881048565,5.0
1.0,2.0,4.0,3.0,5.0,2.0,4.0,0.9830596468247711,4.0
3.0,4.0,3.0,1.0,4.0,1.0,2.0,0.967554117898141,2.0
1.0,2.0,4.0,2.0,5.0,1.0,1.0,0.9839983719645398,1.0
3.0,4.0,3.0,2.0,3.0,1.0,4.0,0.9711749929515543,4.0
1.0,1.0,5.0,1.0,5.0,1.0,1.0,0.9776390842727426,1.0
1.0,2.0,4.0,3.0,3.0,3.0,3.0,0.9793073645652915,3.0
1.0,1.0,5.0,3.0,5.0,3.0,4.0,0.9804967215790238,4.0
2.0,3.0,3.0,1.0,4.0,1.0,3.0,0.9891404200834063,3.0
1.0,1.0,5.0,4.0,4.0,4.0,2.0,0.9862909733412467,2.0
1.0,1.0,5.0,3.0,5.0,3.0,1.0,0.9746342601088073,1.0
2.0,3.0,3.0,1.0,4.0,1.0,2.0,0.9823700502073591,2.0
1.0,1.0,5.0,3.0,5.0,2.0,4.0,0.9820247906385065,4.0
2.0,2.0,4.0,2.0,4.0,2.0,3.0,0.9882221400512108,3.0
1.0,1.0,5.0,2.0,5.0,2.0,1.0,0.9883278069836626,1.0
1.0,2.0,4.0,3.0,3.0,3.0,3.0,0.9839829700142598,3.0
1.0,1.0,5.0,4.0,5.0,4.0,5.0,0.9837427156520558,5.0
3.0,4.0,2.0,1.0,2.0,1.0,3.0,0.970603540111134,3.0
2.0,3.0,3.0,1.0,4.0,1.0,1.0,0.9816047350020188,1.0
3.0,3.0,3.0,1.0,4.0,1.0,4.0,0.9728831232286654,4.0
1.0,1.0,5.0,3.0,5.0,2.0,3.0,0.9812738178803658,3.0
2.0,2.0,4.0,1.0,5.0,1.0,3.0,0.9820649176190877,3.0
2.0,2.0,4.0,2.0,4.0,2.0,3.0,0.9800948795407671,3.0
1.0,1.0,5.0,4.0,5.0,4.0,5.0,0.9668084955424197,5.0
1.0,1.0,5.0,3.0,4.0,3.0,3.0,0.9757003081551421,3.0
1.0,1.0,5.0,2.0,5.0,2.0,1.0,0.9829068477357653,1.0
1.0,1.0,5.0,2.0,5.0,2.0,3.0,0.9825455752957486,3.0
2.0,2.0,4.0,3.0,3.0,2.0,1.0,0.9869852146643583,1.0
1.0,1.0,5.0,3.0,5.0,3.0,5.0,0.9738714574011661,5.0
1.0,1.0,5.0,4.0,4.0,4.0,4.0,0.9788126342178333,4.0
2.0,3.0,4.0,2.0,4.0,1.0,3.0,0.9742374497908165,3.0
1.0,1.0,5.0,1.0,5.0,1.0,6.0,0.9863676468779785,6.0
1.0,1.0,5.0,3.0,4.0,3.0,3.0,0.9800614137992386,3.0
1.0,1.0,5.0,4.0,4.0,3.0,1.0,0.9781627920787155,1.0
1.0,2.0,4.0,3.0,3.0,3.0,3.0,0.9825701358753722,3.0
2.0,3.0,3.0,3.0,3.0,2.0,1.0,0.9743288646208202,1.0
1.0,2.0,4.0,2.0,5.0,2.0,3.0,0.979764408718208,3.0
1.0,1.0,5.0,3.0,4.0,3.0,1.0,0.9868794058079108,1.0
2.0,2.0,4.0,2.0,5.0,1.0,3.0,0.9764038222541072,3.0
1.0,1.0,5.0,3.0,5.0,3.0,1.0,0.9723024074887344,1.0
2.0,2.0,4.0,1.0,5.0,1.0,1.0,0.977558754410915,1.0
1.0,2.0,4.0,1.0,5.0,1.0,1.0,0.9785516484270907,1.0
1.0,2.0,4.0,3.0,4.0,2.0,3.0,0.981202627538444,3.0
1.0,1.0,5.0,2.0,5.0,2.0,4.0,0.9882782770363093,4.0
2.0,3.0,4.0,2.0,4.0,1.0,2.0,0.9703620963082615,2.0
3.0,3.0,3.0,2.0,3.0,1.0,2.0,0.9795876507554784,2.0
1.0,1.0,5.0,3.0,5.0,3.0,6.0,0.9823589000644073,6.0
3.0,3.0,3.0,3.0,3.0,2.0,3.0,0.9751011309461521,3.0
1.0,2.0,4.0,2.0,5.0,1.0,4.0,0.9867922530583874,4.0
1.0,2.0,4.0,2.0,5.0,1.0,1.0,0.9843501661039765,1.0
1.0,2.0,4.0,3.0,4.0,3.0,1.0,0.9798704751252766,1.0
2.0,3.0,3.0,2.0,3.0,2.0,3.0,0.980127661176132,3.0
1.0,1.0,5.0,4.0,4.0,3.0,1.0,0.984754157770481,1.0
3.0,4.0,3.0,1.0,5.0,1.0,4.0,0.9766048332548033,4.0
1.0,1.0,5.0,4.0,5.0,4.0,1.0,0.9598819968577885,1.0
1.0,2.0,4.0,3.0,5.0,2.0,6.0,0.9805469298752595,6.0
3.0,3.0,3.0,2.0,3.0,1.0,3.0,0.9797941649836466,3.0
1.0,1.0,5.0,1.0,5.0,1.0,1.0,0.98416574449235,1.0
1.0,1.0,5.0,3.0,4.0,3.0,3.0,0.9751719734928823,3.0
1.0,1.0,5.0,3.0,5.0,2.0,3.0,0.9768671188882337,3.0
1.0,1.0,5.0,3.0,5.0,3.0,1.0,0.9757578309822756,1.0
1.0,2.0,4.0,3.0,5.0,3.0,5.0,0.9873335430259043,5.0
1.0,2.0,4.0,2.0,4.0,2.0,3.0,0.9790935174843564,3.0
1.0,1.0,5.0,5.0,4.0,5.0,5.0,0.9796251554869901,5.0
2.0,2.0,4.0,3.0,4.0,3.0,3.0,0.9803899959346046,3.0
2.0,2.0,4.0,2.0,4.0,2.0,1.0,0.9899926228506717,1.0
4.0,4.0,2.0,2.0,3.0,1.0,5.0,0.975389713912873,5.0
2.0,2.0,4.0,1.0,5.0,1.0,3.0,0.989086452717899,3.0
2.0,2.0,4.0,2.0,4.0,2.0,1.0,0.9860583252398517,1.0
1.0,2.0,4.0,3.0,4.0,3.0,1.0,0.9851187842040915,1.0
1.0,1.0,5.0,2.0,5.0,2.0,1.0,0.985739584446101,1.0
1.0,1.0,5.0,3.0,5.0,2.0,1.0,0.9877767218006676,1.0
1.0,1.0,5.0,3.0,5.0,3.0,4.0,0.9801415827967324,4.0
1.0,1.0,5.0,2.0,5.0,2.0,1.0,0.985254690805164,1.0
1.0,1.0,5.0,3.0,5.0,3.0,4.0,0.9856974003620896,4.0
1.0,2.0,4.0,2.0,5.0,1.0,1.0,0.9807167849862725,1.0
1.0,1.0,5.0,3.0,5.0,2.0,1.0,0.9782039221888821,1.0
4.0,4.0,2.0,1.0,3.0,1.0,1.0,0.967762485921206,1.0
2.0,3.0,3.0,3.0,3.0,2.0,1.0,0.9739910522212637,1.0
1.0,2.0,5.0,3.0,5.0,2.0,1.0,0.9812237158801167,1.0
3.0,4.0,2.0,1.0,4.0,1.0,1.0,0.9793266361562071,1.0
1.0,1.0,5.0,2.0,5.0,2.0,4.0,0.9832864313838992,4.0
1.0,2.0,4.0,2.0,5.0,2.0,3.0,0.980050772357634,3.0
4.0,5.0,1.0,1.0,2.0,1.0,3.0,0.9778729342748415,3.0
1.0,1.0,5.0,3.0,5.0,2.0,5.0,0.9803500890269444,5.0
1.0,1.0,5.0,3.0,4.0,3.0,3.0,0.9784914157673639,3.0
1.0,1.0,5.0,4.0,4.0,3.0,3.0,0.9798146976144434,3.0
1.0,1.0,5.0,2.0,5.0,1.0,2.0,0.9815757619481941,2.0
4.0,4.0,2.0,1.0,3.0,1.0,1.0,0.9767807421641301,1.0
3.0,4.0,3.0,3.0,2.0,2.0,1.0,0.9470652774153665,1.0
2.0,3.0,3.0,2.0,4.0,1.0,1.0,0.9851929350912492,1.0
1.0,1.0,5.0,3.0,5.0,2.0,3.0,0.9778408096515478,3.0
3.0,4.0,3.0,2.0,3.0,1.0,3.0,0.9718963557724121,3.0
2.0,2.0,4.0,2.0,5.0,2.0,4.0,0.9854854374434572,4.0
3.0,3.0,3.0,1.0,4.0,1.0,3.0,0.9723144906123375,3.0
1.0,1.0,5.0,2.0,5.0,1.0,2.0,0.9831953117355485,2.0
1.0,1.0,5.0,3.0,5.0,2.0,2.0,0.9818228354954178,2.0
1.0,2.0,5.0,2.0,5.0,1.0,4.0,0.9797095090699263,4.0
2.0,3.0,3.0,2.0,5.0,1.0,1.0,0.9748953646279422,1.0
3.0,3.0,3.0,1.0,5.0,1.0,2.0,0.9812088982546274,2.0
1.0,2.0,4.0,3.0,3.0,3.0,2.0,0.9802396095137287,2.0
2.0,3.0,3.0,2.0,3.0,2.0,1.0,0.9765123093718875,1.0
1.0,2.0,4.0,4.0,3.0,3.0,3.0,0.9803567877353654,3.0
1.0,2.0,4.0,1.0,5.0,1.0,3.0,0.9874408009635955,3.0
1.0,1.0,5.0,2.0,5.0,2.0,1.0,0.9833933488125931,1.0
1.0,1.0,5.0,2.0,5.0,2.0,3.0,0.9880235450101623,3.0
1.0,2.0,4.0,2.0,5.0,1.0,1.0,0.9831408866145509,1.0
1.0,1.0,5.0,4.0,5.0,3.0,5.0,0.982660849928537,5.0
2.0,3.0,3.0,2.0,4.0,2.0,3.0,0.983313156191053,3.0
1.0,1.0,5.0,3.0,5.0,3.0,3.0,0.9811076338884579,3.0
1.0,1.0,5.0,1.0,5.0,1.0,3.0,0.9834688398614402,3.0
1.0,1.0,5.0,3.0,4.0,3.0,1.0,0.9861782161671521,1.0
1.0,1.0,5.0,3.0,5.0,3.0,1.0,0.9725615625876346,1.0
2.0,3.0,3.0,2.0,4.0,1.0,5.0,0.9841468064814904,5.0
1.0,1.0,5.0,4.0,5.0,3.0,3.0,0.9757580315245494,3.0
2.0,2.0,4.0,1.0,5.0,1.0,3.0,0.986259103440802,3.0
1.0,2.0,5.0,4.0,4.0,3.0,5.0,0.9796447275855593,5.0
1.0,2.0,4.0,3.0,4.0,2.0,3.0,0.9798370474630665,3.0
2.0,3.0,3.0,2.0,4.0,1.0,5.0,0.9800715195014271,5.0
1.0,1.0,5.0,3.0,5.0,3.0,1.0,0.9764881207876239,1.0
3.0,4.0,3.0,1.0,4.0,1.0,3.0,0.9723423239884867,3.0
1.0,1.0,5.0,1.0,5.0,1.0,1.0,0.9802017384803342,1.0
1.0,2.0,4.0,4.0,4.0,3.0,5.0,0.9750385534733785,5.0
1.0,1.0,5.0,3.0,5.0,3.0,1.0,0.9738314415214209,1.0
1.0,1.0,5.0,3.0,5.0,3.0,1.0,0.9743253875370247,1.0
1.0,2.0,4.0,3.0,5.0,2.0,2.0,0.9837741769845076,2.0
1.0,1.0,5.0,5.0,4.0,5.0,5.0,0.9786746289761997,5.0
2.0,2.0,4.0,3.0,3.0,2.0,1.0,0.9821171958175866,1.0
1.0,2.0,5.0,3.0,5.0,3.0,1.0,0.9775628163366061,1.0
1.0,1.0,5.0,3.0,4.0,2.0,1.0,0.9831451968523371,1.0
2.0,3.0,3.0,1.0,5.0,1.0,1.0,0.9847327095226952,1.0
1.0,1.0,5.0,3.0,4.0,3.0,1.0,0.9854085546853977,1.0
1.0,1.0,5.0,3.0,5.0,3.0,2.0,0.9801900386927618,2.0
1.0,1.0,5.0,4.0,5.0,3.0,4.0,0.9856920299520072,4.0
2.0,3.0,3.0,1.0,5.0,1.0,3.0,0.9826185675133637,3.0
2.0,2.0,4.0,1.0,5.0,1.0,5.0,0.9790912375555287,5.0
2.0,2.0,4.0,2.0,4.0,2.0,3.0,0.9848120367991817,3.0
1.0,1.0,5.0,4.0,4.0,4.0,3.0,0.9803124971564531,3.0
1.0,1.0,5.0,3.0,4.0,3.0,3.0,0.9839646916568757,3.0
2.0,3.0,4.0,3.0,2.0,3.0,1.0,0.9755002287564164,1.0
2.0,3.0,3.0,2.0,4.0,1.0,1.0,0.9850141141286382,1.0
1.0,1.0,5.0,3.0,5.0,2.0,5.0,0.97816763497995,5.0
2.0,2.0,4.0,2.0,4.0,2.0,1.0,0.9800098925721173,1.0
2.0,2.0,4.0,2.0,4.0,2.0,3.0,0.9813231522839043,3.0
1.0,1.0,5.0,3.0,5.0,2.0,3.0,0.9856180915899936,3.0
2.0,3.0,3.0,2.0,4.0,1.0,3.0,0.9766489195175461,3.0
1.0,1.0,5.0,2.0,5.0,2.0,3.0,0.979443656432126,3.0
4.0,5.0,2.0,2.0,1.0,2.0,1.0,0.9559166003680525,1.0
1.0,1.0,5.0,2.0,5.0,2.0,1.0,0.9884403516454459,1.0
1.0,1.0,5.0,3.0,5.0,2.0,5.0,0.9786952281726741,5.0
2.0,2.0,4.0,3.0,3.0,2.0,5.0,0.9826048216067435,5.0
1.0,1.0,5.0,3.0,4.0,3.0,6.0,0.9808423487023893,6.0
2.0,3.0,4.0,1.0,5.0,1.0,1.0,0.9752357044097313,1.0
1.0,1.0,5.0,3.0,5.0,3.0,3.0,0.9828422322931564,3.0
1.0,1.0,5.0,4.0,5.0,4.0,5.0,0.9799174895989475,5.0
1.0,1.0,5.0,2.0,5.0,2.0,6.0,0.9860575310562484,6.0
1.0,2.0,5.0,1.0,5.0,1.0,1.0,0.979954072648075,1.0
1.0,1.0,5.0,2.0,5.0,2.0,1.0,0.9832889323763833,1.0
1.0,2.0,4.0,4.0,3.0,4.0,3.0,0.9753865566373112,3.0
1.0,1.0,5.0,1.0,5.0,1.0,3.0,0.9809665609355104,3.0
1.0,1.0,5.0,3.0,4.0,3.0,3.0,0.9747755661841573,3.0
1.0,2.0,4.0,2.0,5.0,2.0,1.0,0.9878079146662317,1.0
1.0,2.0,5.0,3.0,4.0,3.0,5.0,0.9789178615797718,5.0
3.0,4.0,3.0,1.0,4.0,1.0,1.0,0.9772813271772913,1.0
1.0,1.0,5.0,4.0,5.0,3.0,2.0,0.9774777693628417,2.0
2.0,3.0,3.0,3.0,3.0,2.0,3.0,0.9789348144244383,3.0
3.0,4.0,2.0,1.0,3.0,1.0,4.0,0.9781863223803764,4.0
1.0,1.0,5.0,4.0,3.0,4.0,3.0,0.9585414648863272,3.0
2.0,3.0,4.0,1.0,4.0,1.0,1.0,0.9742421943469901,1.0
1.0,1.0,5.0,2.0,5.0,1.0,3.0,0.9784715177903117,3.0
3.0,3.0,3.0,1.0,4.0,1.0,2.0,0.9847299782063866,2.0
1.0,2.0,4.0,4.0,4.0,3.0,3.0,0.978428518914739,3.0
1.0,2.0,5.0,3.0,4.0,3.0,4.0,0.9771528866832115,4.0
1.0,1.0,5.0,3.0,4.0,3.0,1.0,0.9845575730374749,1.0
1.0,1.0,5.0,2.0,5.0,1.0,3.0,0.9828397240202414,3.0
1.0,1.0,5.0,5.0,4.0,4.0,1.0,0.9600548557071981,1.0
1.0,1.0,5.0,4.0,5.0,3.0,6.0,0.9826209811533227,6.0
1.0,1.0,5.0,2.0,5.0,2.0,1.0,0.9904610605901735,1.0
1.0,1.0,5.0,3.0,5.0,3.0,1.0,0.9818127337862085,1.0
2.0,3.0,4.0,3.0,2.0,3.0,3.0,0.9727003676705004,3.0
3.0,4.0,2.0,1.0,3.0,1.0,2.0,0.9744556700172858,2.0
1.0,2.0,5.0,3.0,5.0,2.0,4.0,0.977559969602902,4.0
1.0,1.0,5.0,3.0,4.0,3.0,2.0,0.9720276006922856,2.0
3.0,4.0,2.0,1.0,4.0,1.0,1.0,0.9761216142878718,1.0
4.0,4.0,2.0,1.0,4.0,1.0,1.0,0.9618462433209994,1.0
1.0,2.0,4.0,4.0,3.0,3.0,3.0,0.9771392609046098,3.0
2.0,3.0,3.0,4.0,3.0,3.0,1.0,0.9792138596571064,1.0
1.0,1.0,5.0,2.0,5.0,2.0,4.0,0.9821603595179468,4.0
2.0,2.0,4.0,2.0,5.0,1.0,3.0,0.976716446314616,3.0
1.0,1.0,5.0,3.0,5.0,3.0,2.0,0.985439222974024,2.0
2.0,2.0,4.0,2.0,5.0,2.0,1.0,0.9889761020548924,1.0
2.0,2.0,4.0,3.0,4.0,2.0,1.0,0.9777745661481152,1.0
1.0,1.0,5.0,3.0,4.0,2.0,1.0,0.9806524713168213,1.0
1.0,1.0,5.0,3.0,5.0,2.0,2.0,0.9802290780349444,2.0
3.0,3.0,3.0,2.0,3.0,1.0,5.0,0.9732969728151338,5.0
2.0,2.0,4.0,3.0,4.0,2.0,3.0,0.9767226865722787,3.0
1.0,1.0,5.0,2.0,5.0,1.0,4.0,0.9856143523248149,4.0
1.0,1.0,5.0,2.0,5.0,2.0,3.0,0.9855240794871262,3.0
1.0,1.0,5.0,3.0,5.0,3.0,1.0,0.9776041886836401,1.0
2.0,3.0,4.0,2.0,3.0,2.0,3.0,0.9720540050397493,3.0
2.0,2.0,4.0,3.0,4.0,2.0,1.0,0.9851993588245208,1.0
1.0,2.0,4.0,2.0,5.0,2.0,4.0,0.9763874436165928,4.0
2.0,3.0,3.0,2.0,3.0,2.0,1.0,0.9826669476402157,1.0
1.0,1.0,5.0,4.0,4.0,3.0,1.0,0.9830484970967722,1.0
2.0,2.0,4.0,3.0,4.0,2.0,4.0,0.9766676647376291,4.0
1.0,2.0,4.0,2.0,5.0,2.0,3.0,0.9869577741769591,3.0
1.0,1.0,5.0,4.0,4.0,3.0,4.0,0.9809262515238385,4.0
2.0,2.0,4.0,2.0,5.0,1.0,2.0,0.9823322109786149,2.0
1.0,1.0,5.0,2.0,5.0,2.0,3.0,0.9880501968179309,3.0
1.0,2.0,4.0,2.0,5.0,2.0,3.0,0.9787098377248613,3.0
1.0,2.0,5.0,3.0,4.0,2.0,3.0,0.9790877166907848,3.0
1.0,1.0,5.0,3.0,5.0,2.0,3.0,0.9779219124683901,3.0
2.0,3.0,3.0,1.0,4.0,1.0,2.0,0.9777582298230616,2.0
2.0,3.0,4.0,2.0,3.0,2.0,1.0,0.970321293125169,1.0
2.0,3.0,3.0,2.0,3.0,2.0,4.0,0.9839878320789318,4.0
3.0,4.0,3.0,1.0,3.0,1.0,1.0,0.9709815852779129,1.0
1.0,2.0,4.0,2.0,5.0,1.0,1.0,0.982570019223581,1.0
1.0,2.0,4.0,3.0,5.0,3.0,5.0,0.9811162210092732,5.0
2.0,3.0,4.0,3.0,3.0,2.0,1.0,0.972783717779241,1.0
3.0,4.0,2.0,1.0,3.0,1.0,4.0,0.9691675286923233,4.0
1.0,1.0,5.0,3.0,5.0,3.0,1.0,0.9853997822564854,1.0
1.0,2.0,4.0,2.0,5.0,2.0,1.0,0.9851151588933381,1.0
2.0,2.0,4.0,3.0,4.0,2.0,2.0,0.978352202487037,2.0
1.0,2.0,4.0,2.0,5.0,2.0,1.0,0.9780949962350914,1.0
1.0,1.0,5.0,4.0,5.0,3.0,3.0,0.9747570655635334,3.0
2.0,2.0,4.0,2.0,4.0,2.0,1.0,0.9787571339952489,1.0
1.0,1.0,5.0,1.0,5.0,1.0,1.0,0.9847203463890487,1.0
1.0,1.0,5.0,4.0,4.0,3.0,1.0,0.9818367125377391,1.0
2.0,3.0,4.0,3.0,2.0,3.0,3.0,0.9764579020800378,3.0
4.0,5.0,1.0,2.0,1.0,2.0,5.0,0.977040854739158,5.0
1.0,1.0,5.0,2.0,5.0,1.0,3.0,0.9843694833158692,3.0
2.0,2.0,4.0,2.0,4.0,2.0,1.0,0.9809533710936493,1.0
3.0,4.0,2.0,1.0,4.0,1.0,1.0,0.9765235690739549,1.0
1.0,1.0,5.0,3.0,4.0,3.0,3.0,0.9771296253597878,3.0
1.0,2.0,5.0,3.0,4.0,3.0,3.0,0.9797918088269395,3.0
2.0,2.0,4.0,2.0,4.0,2.0,3.0,0.9825841355355661,3.0
1.0,2.0,4.0,2.0,5.0,1.0,1.0,0.9848748716534768,1.0
1.0,1.0,5.0,3.0,4.0,3.0,1.0,0.9797434143539693,1.0
2.0,2.0,4.0,2.0,5.0,1.0,2.0,0.9838559378362555,2.0
2.0,2.0,4.0,3.0,4.0,2.0,1.0,0.981032817010069,1.0
2.0,2.0,4.0,3.0,4.0,2.0,3.0,0.97823946230975,3.0
1.0,1.0,5.0,2.0,5.0,2.0,3.0,0.9844637735957749,3.0
1.0,1.0,5.0,3.0,5.0,3.0,1.0,0.9825453632592548,1.0
3.0,4.0,2.0,1.0,3.0,1.0,3.0,0.980281222174038,3.0
3.0,4.0,3.0,2.0,3.0,1.0,3.0,0.9739335796296104,3.0
3.0,4.0,2.0,2.0,1.0,2.0,4.0,0.982644757591664,4.0
3.0,3.0,3.0,1.0,4.0,1.0,3.0,0.9779597602690232,3.0
2.0,2.0,4.0,2.0,4.0,2.0,4.0,0.980733543305785,4.0
1.0,2.0,5.0,2.0,5.0,1.0,1.0,0.9781843531953411,1.0
3.0,3.0,3.0,1.0,3.0,1.0,3.0,0.9707933470430269,3.0
2.0,2.0,4.0,2.0,5.0,1.0,2.0,0.9871637171686961,2.0
1.0,1.0,5.0,3.0,5.0,2.0,3.0,0.9849049432537091,3.0
1.0,1.0,5.0,2.0,5.0,2.0,1.0,0.9848407982127485,1.0
1.0,1.0,5.0,3.0,5.0,2.0,4.0,0.9828632483687909,4.0
1.0,1.0,5.0,2.0,5.0,2.0,1.0,0.9824400763828743,1.0
1.0,1.0,5.0,4.0,5.0,3.0,1.0,0.9781452851313268,1.0
1.0,1.0,5.0,2.0,5.0,1.0,1.0,0.9796403380667456,1.0
3.0,4.0,3.0,1.0,3.0,1.0,1.0,0.9734259806185254,1.0
1.0,1.0,5.0,2.0,5.0,2.0,1.0,0.9807272908245748,1.0
3.0,3.0,3.0,2.0,4.0,1.0,3.0,0.9765119901790431,3.0
2.0,3.0,3.0,2.0,3.0,2.0,2.0,0.9859749033299314,2.0
2.0,2.0,4.0,2.0,5.0,2.0,1.0,0.9822848948424258,1.0
1.0,1.0,5.0,4.0,5.0,4.0,5.0,0.9779749601973633,5.0
2.0,2.0,4.0,2.0,5.0,1.0,2.0,0.9766651759686924,2.0
3.0,3.0,3.0,1.0,4.0,1.0,4.0,0.9725936748571773,4.0
2.0,3.0,4.0,2.0,3.0,2.0,1.0,0.976878269757014,1.0
1.0,1.0,5.0,3.0,5.0,3.0,1.0,0.9848958322709455,1.0
3.0,3.0,3.0,3.0,2.0,2.0,4.0,0.9779422102778805,4.0
2.0,3.0,3.0,2.0,4.0,1.0,6.0,0.9781041740970056,6.0
1.0,2.0,4.0,4.0,2.0,4.0,4.0,0.9744359907642546,4.0
2.0,3.0,4.0,2.0,4.0,1.0,1.0,0.9722172177721192,1.0
3.0,3.0,3.0,2.0,4.0,2.0,1.0,0.9790971548892644,1.0
1.0,1.0,5.0,5.0,4.0,5.0,5.0,0.9699843053421786,5.0
1.0,1.0,5.0,3.0,4.0,2.0,3.0,0.9806567719132064,3.0
2.0,2.0,4.0,3.0,4.0,2.0,3.0,0.9857037505825731,3.0
1.0,1.0,5.0,2.0,5.0,2.0,5.0,0.989942153146618,5.0
1.0,1.0,5.0,3.0,4.0,2.0,4.0,0.977809527997149,4.0
5.0,5.0,1.0,1.0,1.0,1.0,1.0,0.9095223415301222,1.0
1.0,1.0,5.0,4.0,5.0,4.0,5.0,0.9838620441499698,5.0
1.0,1.0,5.0,2.0,5.0,2.0,3.0,0.9767319553312734,3.0
2.0,2.0,4.0,2.0,4.0,2.0,4.0,0.9844353734178931,4.0
1.0,1.0,5.0,2.0,5.0,2.0,2.0,0.9852621723022583,2.0
1.0,1.0,5.0,2.0,5.0,2.0,1.0,0.9829806850527216,1.0
4.0,5.0,1.0,1.0,2.0,1.0,3.0,0.9670417610744566,3.0
1.0,2.0,4.0,2.0,5.0,1.0,2.0,0.980344135912759,2.0
1.0,1.0,5.0,3.0,5.0,2.0,1.0,0.9827845377780929,1.0
1.0,1.0,5.0,3.0,5.0,2.0,1.0,0.9866978950949907,1.0
1.0,2.0,4.0,3.0,5.0,2.0,1.0,0.9791880399134504,1.0
2.0,2.0,4.0,1.0,5.0,1.0,2.0,0.9840682125988276,2.0
1.0,1.0,5.0,4.0,4.0,3.0,5.0,0.9724145746985199,5.0
1.0,1.0,5.0,4.0,5.0,4.0,1.0,0.9716343739794986,1.0
1.0,1.0,5.0,2.0,5.0,2.0,5.0,0.9797412745377303,5.0
1.0,2.0,4.0,2.0,5.0,1.0,3.0,0.9812486532063137,3.0
2.0,3.0,3.0,1.0,5.0,1.0,3.0,0.9754476309665432,3.0
2.0,2.0,4.0,2.0,5.0,1.0,1.0,0.982397253388588,1.0
1.0,2.0,4.0,1.0,5.0,1.0,1.0,0.9880700235550125,1.0
4.0,5.0,1.0,1.0,3.0,1.0,3.0,0.9536108061868812,3.0
1.0,1.0,5.0,4.0,3.0,4.0,1.0,0.9675844284606023,1.0
1.0,1.0,5.0,3.0,5.0,2.0,4.0,0.9856562317253758,4.0
1.0,1.0,5.0,3.0,5.0,3.0,1.0,0.985885122902371,1.0
2.0,2.0,4.0,2.0,5.0,1.0,1.0,0.980472914798952,1.0
1.0,1.0,5.0,3.0,4.0,3.0,3.0,0.981843672815487,3.0
1.0,2.0,5.0,2.0,5.0,2.0,3.0,0.9781141337639725,3.0
1.0,1.0,5.0,2.0,5.0,2.0,3.0,0.9808798513661031,3.0
1.0,2.0,5.0,2.0,5.0,2.0,2.0,0.9778503364407232,2.0
1.0,2.0,5.0,3.0,4.0,2.0,3.0,0.9792442870445119,3.0
1.0,1.0,5.0,4.0,4.0,4.0,1.0,0.983503225905124,1.0
1.0,1.0,5.0,3.0,5.0,2.0,2.0,0.980285975613957,2.0
4.0,5.0,1.0,1.0,3.0,1.0,1.0,0.9658262787271987,1.0
2.0,2.0,4.0,2.0,5.0,2.0,3.0,0.9889612413667137,3.0
2.0,3.0,3.0,1.0,5.0,1.0,3.0,0.985958720713424,3.0
2.0,3.0,3.0,2.0,4.0,1.0,1.0,0.9752891627903466,1.0
1.0,1.0,5.0,2.0,5.0,2.0,3.0,0.9761798612404151,3.0
3.0,4.0,2.0,1.0,4.0,1.0,3.0,0.9727934185396959,3.0
1.0,1.0,5.0,2.0,5.0,2.0,3.0,0.9815063499833625,3.0
1.0,2.0,4.0,2.0,4.0,2.0,1.0,0.9764605976467519,1.0
2.0,2.0,4.0,1.0,5.0,1.0,2.0,0.9777550692299707,2.0
1.0,2.0,5.0,3.0,5.0,2.0,2.0,0.9801163364692104,2.0
1.0,2.0,4.0,2.0,5.0,2.0,6.0,0.9782097615041693,6.0
3.0,4.0,3.0,2.0,2.0,2.0,4.0,0.9746541213203364,4.0
2.0,3.0,3.0,1.0,5.0,1.0,3.0,0.9767599926194305,3.0
1.0,1.0,5.0,5.0,3.0,5.0,3.0,0.964479672662054,3.0
1.0,1.0,5.0,2.0,5.0,2.0,5.0,0.9830997133911379,5.0
1.0,1.0,5.0,4.0,3.0,4.0,3.0,0.9673999802649023,3.0
1.0,1.0,5.0,3.0,5.0,2.0,3.0,0.9795463070867934,3.0
2.0,2.0,4.0,2.0,5.0,2.0,3.0,0.9816061695484952,3.0
1.0,1.0,5.0,2.0,5.0,1.0,1.0,0.9828951482465101,1.0
3.0,4.0,2.0,2.0,3.0,1.0,3.0,0.9762744589361113,3.0
1.0,2.0,4.0,3.0,3.0,2.0,1.0,0.9790160184717043,1.0
1.0,2.0,4.0,3.0,4.0,3.0,3.0,0.9712816796839118,3.0
1.0,1.0,5.0,2.0,5.0,1.0,1.0,0.9846658509252315,1.0
1.0,2.0,4.0,3.0,4.0,2.0,4.0,0.9774779863024677,4.0
1.0,1.0,5.0,3.0,5.0,2.0,3.0,0.9782301597920517,3.0
4.0,4.0,2.0,2.0,2.0,2.0,1.0,0.9734516822933256,1.0
1.0,1.0,5.0,3.0,5.0,3.0,3.0,0.9860213070921493,3.0
3.0,3.0,3.0,1.0,4.0,1.0,2.0,0.9809825236551134,2.0
3.0,4.0,2.0,1.0,4.0,1.0,4.0,0.9714503855757506,4.0
1.0,1.0,5.0,3.0,4.0,2.0,1.0,0.9833488342888153,1.0
1.0,1.0,5.0,2.0,5.0,2.0,1.0,0.9824327159936042,1.0
1.0,1.0,5.0,2.0,5.0,2.0,4.0,0.9832875978156106,4.0
1.0,1.0,5.0,4.0,5.0,3.0,1.0,0.9758009671286262,1.0
1.0,1.0,5.0,4.0,4.0,3.0,1.0,0.9729672172595643,1.0
2.0,3.0,4.0,2.0,3.0,2.0,1.0,0.9724762705391949,1.0
1.0,1.0,5.0,2.0,5.0,2.0,3.0,0.9843336530336203,3.0
1.0,1.0,5.0,3.0,5.0,3.0,4.0,0.9818783848389153,4.0
1.0,1.0,5.0,3.0,5.0,2.0,5.0,0.9784627625448874,5.0
1.0,2.0,4.0,4.0,3.0,3.0,3.0,0.9752403823610799,3.0
2.0,3.0,3.0,1.0,5.0,1.0,3.0,0.9806191971957118,3.0
2.0,2.0,4.0,2.0,5.0,2.0,5.0,0.9831988098434867,5.0
1.0,1.0,5.0,2.0,5.0,1.0,1.0,0.976723324043947,1.0
1.0,1.0,5.0,2.0,5.0,2.0,2.0,0.9807385452907531,2.0
1.0,1.0,5.0,2.0,5.0,1.0,1.0,0.9812301125002407,1.0
2.0,3.0,4.0,2.0,4.0,2.0,1.0,0.975759503411291,1.0
1.0,1.0,5.0,4.0,4.0,4.0,1.0,0.9559985807781493,1.0
1.0,2.0,4.0,4.0,4.0,3.0,4.0,0.9770661068744508,4.0
1.0,1.0,5.0,5.0,4.0,5.0,4.0,0.9766963439213007,4.0
1.0,2.0,4.0,3.0,4.0,2.0,4.0,0.9806776263494723,4.0
3.0,4.0,3.0,1.0,4.0,1.0,3.0,0.9722186493491756,3.0
1.0,2.0,4.0,2.0,5.0,2.0,2.0,0.9824011024278825,2.0
1.0,1.0,5.0,3.0,5.0,2.0,3.0,0.9863296239517115,3.0
1.0,1.0,5.0,4.0,5.0,3.0,3.0,0.9835081777509316,3.0
2.0,2.0,4.0,2.0,4.0,2.0,3.0,0.9898041458478001,3.0
1.0,1.0,5.0,2.0,5.0,2.0,1.0,0.9814998490494172,1.0
1.0,1.0,5.0,3.0,5.0,2.0,4.0,0.9777224300574506,4.0
5.0,5.0,1.0,1.0,1.0,1.0,3.0,0.9126003478294802,3.0
1.0,1.0,5.0,2.0,5.0,2.0,3.0,0.9817239363294766,3.0
1.0,1.0,5.0,2.0,5.0,2.0,2.0,0.9880683290134405,2.0
1.0,1.0,5.0,2.0,5.0,2.0,1.0,0.9852803476418237,1.0
1.0,1.0,5.0,2.0,5.0,2.0,3.0,0.986104915271464,3.0
1.0,2.0,4.0,2.0,5.0,1.0,3.0,0.9790348663473485,3.0
2.0,3.0,3.0,1.0,4.0,1.0,1.0,0.9800441569874777,1.0
1.0,1.0,5.0,2.0,5.0,1.0,1.0,0.9826975698402687,1.0
1.0,2.0,4.0,2.0,5.0,1.0,2.0,0.9870411685369767,2.0
2.0,2.0,4.0,2.0,4.0,2.0,3.0,0.9851125110537623,3.0
4.0,5.0,1.0,1.0,2.0,1.0,3.0,0.9495662330930947,3.0
2.0,3.0,4.0,2.0,4.0,2.0,2.0,0.9780387881970641,2.0
1.0,1.0,5.0,2.0,5.0,2.0,1.0,0.9875389860498681,1.0
1.0,1.0,5.0,2.0,5.0,2.0,3.0,0.9806209986440019,3.0
2.0,2.0,4.0,1.0,5.0,1.0,1.0,0.9795393850065492,1.0
1.0,2.0,4.0,3.0,4.0,2.0,1.0,0.980465647195102,1.0
1.0,2.0,4.0,2.0,5.0,1.0,1.0,0.9829593303458837,1.0
1.0,2.0,4.0,2.0,4.0,2.0,5.0,0.9783763578895494,5.0
1.0,1.0,5.0,2.0,5.0,1.0,4.0,0.9819166349371179,4.0
1.0,2.0,4.0,4.0,3.0,3.0,3.0,0.9845440744018192,3.0
1.0,2.0,4.0,2.0,5.0,2.0,5.0,0.984432288412033,5.0
2.0,3.0,3.0,2.0,4.0,1.0,3.0,0.9793087507805777,3.0
1.0,2.0,5.0,2.0,5.0,2.0,1.0,0.9788931898876695,1.0
1.0,2.0,4.0,4.0,4.0,3.0,1.0,0.9749452652479597,1.0
1.0,1.0,5.0,3.0,5.0,2.0,3.0,0.9774179624828501,3.0
1.0,1.0,5.0,3.0,5.0,2.0,5.0,0.9846301995587862,5.0
1.0,1.0,5.0,4.0,5.0,4.0,5.0,0.9697640699358856,5.0
1.0,1.0,5.0,3.0,5.0,3.0,3.0,0.9816864336657629,3.0
1.0,2.0,4.0,2.0,5.0,2.0,5.0,0.9836815287064634,5.0
1.0,1.0,5.0,3.0,4.0,3.0,1.0,0.985479091749238,1.0
1.0,1.0,5.0,3.0,5.0,3.0,5.0,0.9787796755768637,5.0
2.0,3.0,3.0,1.0,4.0,1.0,3.0,0.9761216604688064,3.0
2.0,3.0,4.0,1.0,5.0,1.0,3.0,0.9734878099153959,3.0
1.0,1.0,5.0,4.0,5.0,3.0,5.0,0.9831147571971735,5.0
1.0,2.0,4.0,2.0,5.0,1.0,1.0,0.9793587448740355,1.0
4.0,4.0,2.0,1.0,4.0,1.0,1.0,0.9700460782959452,1.0
3.0,4.0,2.0,2.0,2.0,1.0,3.0,0.977866278471069,3.0
4.0,5.0,1.0,1.0,2.0,1.0,4.0,0.9797544186616398,4.0
2.0,3.0,3.0,2.0,4.0,1.0,2.0,0.9797413967240982,2.0
1.0,1.0,5.0,2.0,5.0,2.0,3.0,0.9888980332700306,3.0
1.0,1.0,5.0,4.0,4.0,3.0,3.0,0.9820358302063348,3.0
1.0,1.0,5.0,4.0,4.0,3.0,5.0,0.9781627920787155,5.0
1.0,1.0,5.0,4.0,4.0,3.0,1.0,0.9835055372728092,1.0
1.0,1.0,5.0,3.0,5.0,2.0,6.0,0.9811344373141777,6.0
1.0,1.0,5.0,4.0,4.0,3.0,3.0,0.9793357940756832,3.0
1.0,1.0,5.0,2.0,5.0,1.0,2.0,0.9758479766745227,2.0
1.0,2.0,4.0,1.0,5.0,1.0,2.0,0.9827019072892856,2.0
1.0,1.0,5.0,3.0,4.0,3.0,4.0,0.9836159493672226,4.0
1.0,1.0,5.0,2.0,5.0,2.0,3.0,0.977503511512609,3.0
1.0,1.0,5.0,4.0,4.0,3.0,1.0,0.9732009096188959,1.0
2.0,2.0,4.0,2.0,5.0,1.0,3.0,0.9869677715139987,3.0
1.0,1.0,5.0,2.0,5.0,2.0,1.0,0.9881558674870317,1.0
2.0,2.0,4.0,2.0,4.0,2.0,1.0,0.9786958596793892,1.0
3.0,3.0,3.0,1.0,4.0,1.0,3.0,0.9724023515364489,3.0
1.0,2.0,4.0,4.0,3.0,3.0,3.0,0.9785710791017397,3.0
1.0,1.0,5.0,4.0,5.0,4.0,5.0,0.9790746131805396,5.0
1.0,1.0,5.0,3.0,5.0,2.0,1.0,0.980432283674275,1.0
1.0,1.0,5.0,3.0,5.0,3.0,1.0,0.9825238954572164,1.0
4.0,4.0,2.0,1.0,3.0,1.0,4.0,0.968539685591032,4.0
2.0,3.0,3.0,2.0,3.0,2.0,3.0,0.9748877733380643,3.0
1.0,2.0,4.0,2.0,5.0,2.0,3.0,0.9838238502473351,3.0
1.0,1.0,5.0,2.0,5.0,1.0,1.0,0.9837855340414737,1.0
3.0,4.0,3.0,2.0,3.0,1.0,3.0,0.9802611621373656,3.0
2.0,3.0,4.0,3.0,3.0,2.0,1.0,0.9781482522881985,1.0
1.0,1.0,5.0,3.0,4.0,2.0,2.0,0.9836131949367732,2.0
2.0,3.0,4.0,2.0,4.0,2.0,3.0,0.9740846750820283,3.0
4.0,4.0,2.0,1.0,4.0,1.0,3.0,0.9580388133799267,3.0
1.0,1.0,5.0,5.0,4.0,5.0,5.0,0.9088136795129845,5.0
1.0,2.0,4.0,3.0,5.0,2.0,3.0,0.9783530471006102,3.0
3.0,4.0,2.0,1.0,4.0,1.0,1.0,0.9765430315214374,1.0
1.0,1.0,5.0,4.0,5.0,3.0,5.0,0.9818642309635458,5.0
1.0,2.0,4.0,2.0,5.0,1.0,1.0,0.9780332188574786,1.0
1.0,1.0,5.0,2.0,5.0,2.0,2.0,0.9894901432406341,2.0
2.0,3.0,3.0,1.0,5.0,1.0,1.0,0.9796655414048284,1.0
1.0,1.0,5.0,5.0,5.0,4.0,4.0,0.9679685009043054,4.0
1.0,2.0,4.0,4.0,3.0,3.0,3.0,0.9784772918835871,3.0
1.0,2.0,4.0,3.0,4.0,2.0,1.0,0.9842737898737818,1.0
3.0,4.0,3.0,1.0,4.0,1.0,5.0,0.9726886765891558,5.0
1.0,1.0,5.0,3.0,5.0,2.0,2.0,0.981469481561801,2.0
3.0,4.0,2.0,1.0,3.0,1.0,3.0,0.9726453449558904,3.0
2.0,2.0,4.0,2.0,4.0,2.0,3.0,0.9886766954351904,3.0
3.0,3.0,3.0,3.0,2.0,2.0,2.0,0.9818736896058945,2.0
1.0,1.0,5.0,2.0,5.0,1.0,3.0,0.9838511641791339,3.0
1.0,1.0,5.0,2.0,5.0,2.0,3.0,0.9776398156029907,3.0
1.0,2.0,4.0,3.0,4.0,3.0,2.0,0.9809777355758179,2.0
1.0,1.0,5.0,2.0,5.0,2.0,1.0,0.9881514870135358,1.0
1.0,1.0,5.0,3.0,5.0,2.0,4.0,0.9841357825749637,4.0
1.0,2.0,4.0,1.0,5.0,1.0,5.0,0.98191905552065,5.0
1.0,1.0,5.0,4.0,5.0,3.0,6.0,0.9766437317000745,6.0
3.0,3.0,3.0,2.0,4.0,2.0,1.0,0.9798082852383055,1.0
2.0,3.0,4.0,2.0,4.0,2.0,1.0,0.9712445837565418,1.0
1.0,2.0,4.0,2.0,5.0,1.0,3.0,0.9822467659450151,3.0
1.0,1.0,5.0,3.0,5.0,3.0,1.0,0.9825480255765249,1.0
1.0,1.0,5.0,2.0,5.0,2.0,1.0,0.9861852877899072,1.0
1.0,2.0,4.0,2.0,5.0,2.0,1.0,0.9854848240776846,1.0
1.0,1.0,5.0,4.0,4.0,3.0,5.0,0.9782078144200111,5.0
2.0,2.0,4.0,2.0,5.0,2.0,4.0,0.9823673166460035,4.0
1.0,2.0,4.0,2.0,5.0,1.0,1.0,0.9827559952296641,1.0
1.0,1.0,5.0,2.0,5.0,2.0,1.0,0.9843906195656159,1.0
1.0,1.0,5.0,3.0,5.0,2.0,1.0,0.9781752191203535,1.0
1.0,1.0,5.0,4.0,5.0,3.0,2.0,0.972646426960534,2.0
2.0,2.0,4.0,4.0,2.0,3.0,3.0,0.9748289690974504,3.0
2.0,2.0,4.0,2.0,4.0,2.0,3.0,0.9798413142370931,3.0
2.0,2.0,4.0,1.0,5.0,1.0,3.0,0.9771679743352792,3.0
1.0,2.0,4.0,3.0,4.0,3.0,1.0,0.9804002982808301,1.0
2.0,2.0,4.0,1.0,5.0,1.0,1.0,0.9876338057921249,1.0
1.0,2.0,4.0,3.0,4.0,2.0,3.0,0.9816165036154821,3.0
1.0,1.0,5.0,2.0,5.0,1.0,3.0,0.9837990280884693,3.0
1.0,2.0,4.0,3.0,5.0,2.0,1.0,0.9804311627046249,1.0
2.0,2.0,4.0,2.0,4.0,2.0,1.0,0.9815776282691585,1.0
2.0,3.0,4.0,2.0,4.0,1.0,3.0,0.9770481248680272,3.0
1.0,1.0,5.0,4.0,5.0,4.0,5.0,0.9724058388133179,5.0
2.0,3.0,4.0,3.0,4.0,2.0,4.0,0.9796035428231006,4.0
1.0,2.0,4.0,2.0,5.0,2.0,1.0,0.9782059658592303,1.0
1.0,2.0,4.0,3.0,3.0,3.0,3.0,0.97667006799084,3.0
3.0,3.0,3.0,1.0,4.0,1.0,1.0,0.9722266296882263,1.0
1.0,2.0,4.0,3.0,5.0,2.0,3.0,0.9781680094098418,3.0
1.0,1.0,5.0,3.0,5.0,2.0,5.0,0.9806849867387426,5.0
2.0,2.0,4.0,2.0,4.0,2.0,1.0,0.9792146280393902,1.0
1.0,1.0,5.0,2.0,5.0,2.0,3.0,0.9883970847656295,3.0
2.0,3.0,4.0,1.0,4.0,1.0,1.0,0.9710434145747833,1.0
1.0,1.0,5.0,4.0,4.0,3.0,1.0,0.979869094200972,1.0
2.0,3.0,3.0,1.0,5.0,1.0,3.0,0.9749352188997998,3.0
2.0,2.0,4.0,2.0,5.0,2.0,3.0,0.9897553661487477,3.0
1.0,1.0,5.0,3.0,5.0,3.0,1.0,0.9856447005078196,1.0
1.0,1.0,5.0,3.0,5.0,2.0,3.0,0.9849294778846102,3.0
1.0,1.0,5.0,3.0,5.0,3.0,3.0,0.9742378528000822,3.0
1.0,1.0,5.0,3.0,4.0,3.0,3.0,0.9830095668238406,3.0
1.0,2.0,4.0,2.0,5.0,2.0,4.0,0.9823512900855403,4.0
1.0,1.0,5.0,2.0,5.0,1.0,2.0,0.9835077452220633,2.0
2.0,2.0,4.0,2.0,4.0,2.0,3.0,0.9830450856091865,3.0
4.0,5.0,1.0,1.0,1.0,1.0,1.0,0.9675699946637348,1.0
2.0,3.0,3.0,1.0,4.0,1.0,4.0,0.9832293444044403,4.0
2.0,2.0,4.0,2.0,5.0,1.0,1.0,0.9796507357465506,1.0
1.0,1.0,5.0,4.0,5.0,3.0,5.0,0.9768449156734623,5.0
1.0,1.0,5.0,2.0,5.0,2.0,1.0,0.9868955653544902,1.0
1.0,1.0,5.0,4.0,5.0,3.0,1.0,0.9845280427393127,1.0
1.0,2.0,4.0,3.0,4.0,2.0,3.0,0.9810885814170636,3.0
1.0,1.0,5.0,4.0,5.0,3.0,3.0,0.9827953129376246,3.0
2.0,2.0,4.0,2.0,5.0,1.0,1.0,0.9847596381433842,1.0
1.0,2.0,5.0,4.0,4.0,3.0,4.0,0.9731604274779094,4.0
2.0,2.0,4.0,2.0,5.0,1.0,2.0,0.9754128039822946,2.0
1.0,1.0,5.0,4.0,4.0,3.0,3.0,0.9827971311516966,3.0
3.0,4.0,2.0,1.0,3.0,1.0,1.0,0.9757748781097687,1.0
2.0,2.0,4.0,3.0,4.0,2.0,1.0,0.9805939975507827,1.0
1.0,1.0,5.0,3.0,5.0,2.0,4.0,0.9848564873576797,4.0
1.0,2.0,5.0,2.0,5.0,2.0,1.0,0.9782716530289345,1.0
2.0,3.0,3.0,2.0,5.0,1.0,6.0,0.9797386075699009,6.0
1.0,1.0,5.0,1.0,5.0,1.0,3.0,0.9826356957973649,3.0
1.0,2.0,4.0,3.0,4.0,2.0,1.0,0.9842410413119848,1.0
1.0,2.0,4.0,3.0,4.0,2.0,3.0,0.9821190359149041,3.0
2.0,2.0,4.0,3.0,4.0,2.0,4.0,0.9783445801981979,4.0
1.0,1.0,5.0,3.0,5.0,2.0,5.0,0.9872887545693522,5.0
3.0,4.0,3.0,1.0,3.0,1.0,3.0,0.973325122201886,3.0
2.0,3.0,3.0,2.0,4.0,1.0,2.0,0.9772145036855729,2.0
1.0,1.0,5.0,3.0,5.0,3.0,5.0,0.9864567967906416,5.0
1.0,2.0,4.0,1.0,5.0,1.0,3.0,0.9904476191775684,3.0
2.0,2.0,4.0,2.0,5.0,2.0,1.0,0.9828034407913995,1.0
1.0,1.0,5.0,5.0,2.0,5.0,3.0,0.9294751048295803,3.0
3.0,4.0,2.0,1.0,3.0,1.0,1.0,0.9726249242205038,1.0
4.0,5.0,2.0,1.0,5.0,1.0,3.0,0.9337791862844503,3.0
2.0,3.0,3.0,1.0,4.0,1.0,1.0,0.9854538644431667,1.0
2.0,2.0,4.0,2.0,5.0,2.0,2.0,0.9793248592891327,2.0
2.0,3.0,4.0,3.0,3.0,2.0,2.0,0.9696262944906682,2.0
2.0,2.0,4.0,2.0,4.0,2.0,2.0,0.9828846691638349,2.0
1.0,1.0,5.0,2.0,5.0,2.0,5.0,0.9824442887083904,5.0
2.0,3.0,4.0,2.0,4.0,1.0,4.0,0.9773584188417773,4.0
2.0,3.0,3.0,1.0,5.0,1.0,6.0,0.9820757759409914,6.0
2.0,3.0,4.0,1.0,5.0,1.0,1.0,0.9710880134028147,1.0
3.0,4.0,2.0,1.0,3.0,1.0,5.0,0.9850776767448688,5.0
2.0,3.0,3.0,4.0,5.0,3.0,5.0,0.9790944117790314,5.0
2.0,2.0,4.0,3.0,4.0,3.0,6.0,0.9842710617946052,6.0
3.0,3.0,3.0,1.0,4.0,1.0,3.0,0.9766820817838155,3.0
2.0,3.0,3.0,2.0,4.0,2.0,1.0,0.9797033501502154,1.0
2.0,3.0,3.0,2.0,4.0,1.0,5.0,0.9784575774030427,5.0
2.0,2.0,4.0,3.0,4.0,2.0,3.0,0.9824518351051614,3.0
2.0,2.0,4.0,2.0,5.0,1.0,1.0,0.9800290108597661,1.0
1.0,2.0,4.0,2.0,5.0,1.0,3.0,0.9809281176577893,3.0
2.0,3.0,3.0,2.0,4.0,1.0,3.0,0.9768577130613221,3.0
1.0,1.0,5.0,2.0,5.0,2.0,1.0,0.9854873047698804,1.0
1.0,1.0,5.0,2.0,5.0,2.0,3.0,0.9773728346553163,3.0
1.0,2.0,4.0,3.0,5.0,2.0,6.0,0.9791842933422161,6.0
2.0,3.0,3.0,1.0,5.0,1.0,6.0,0.9796648369878752,6.0
3.0,4.0,3.0,1.0,3.0,1.0,3.0,0.9777046197602763,3.0
1.0,1.0,5.0,2.0,5.0,1.0,6.0,0.9779209109094512,6.0
2.0,3.0,4.0,1.0,4.0,1.0,3.0,0.9730285368777962,3.0
1.0,2.0,4.0,2.0,5.0,1.0,3.0,0.9790353142783668,3.0
2.0,3.0,3.0,3.0,3.0,2.0,3.0,0.9825723132207996,3.0
1.0,1.0,5.0,3.0,4.0,2.0,1.0,0.9809941230880949,1.0
1.0,1.0,5.0,3.0,5.0,2.0,4.0,0.9861020336356612,4.0
2.0,2.0,4.0,2.0,4.0,2.0,2.0,0.9857056617319139,2.0
1.0,2.0,5.0,1.0,5.0,1.0,4.0,0.9795773548878952,4.0
2.0,3.0,4.0,2.0,4.0,1.0,2.0,0.9730114564755715,2.0
1.0,1.0,5.0,3.0,5.0,3.0,1.0,0.9810242161433946,1.0
2.0,2.0,4.0,3.0,3.0,2.0,5.0,0.9802261891408945,5.0
1.0,1.0,5.0,3.0,4.0,2.0,1.0,0.9791761069383331,1.0
2.0,3.0,3.0,1.0,5.0,1.0,2.0,0.9741684986221544,2.0
1.0,1.0,5.0,3.0,5.0,2.0,4.0,0.9883551257241578,4.0
2.0,2.0,4.0,2.0,5.0,1.0,3.0,0.9776749516841355,3.0
1.0,2.0,4.0,2.0,4.0,2.0,1.0,0.9823010403451757,1.0
3.0,4.0,3.0,1.0,5.0,1.0,3.0,0.9756324978724732,3.0
1.0,1.0,5.0,1.0,5.0,1.0,4.0,0.9790287127434272,4.0
3.0,4.0,2.0,1.0,3.0,1.0,4.0,0.9746357556901205,4.0
1.0,1.0,5.0,2.0,5.0,1.0,1.0,0.9816740386661631,1.0
2.0,3.0,3.0,2.0,4.0,2.0,1.0,0.9749200363200445,1.0
4.0,5.0,2.0,1.0,3.0,1.0,3.0,0.967283805428998,3.0
2.0,3.0,3.0,2.0,4.0,1.0,1.0,0.9786445827990126,1.0
1.0,1.0,5.0,5.0,3.0,5.0,1.0,0.9533795922766835,1.0
2.0,2.0,4.0,2.0,4.0,2.0,4.0,0.9879658224199177,4.0
1.0,1.0,5.0,3.0,5.0,2.0,1.0,0.98624760699403,1.0
3.0,4.0,3.0,1.0,3.0,1.0,4.0,0.9721656864556694,4.0
3.0,4.0,2.0,1.0,4.0,1.0,4.0,0.9764311074720362,4.0
1.0,1.0,5.0,4.0,4.0,3.0,3.0,0.981255628943684,3.0
1.0,1.0,5.0,4.0,4.0,3.0,3.0,0.9721624813660126,3.0
2.0,3.0,4.0,4.0,4.0,3.0,5.0,0.9738208777587788,5.0
4.0,5.0,2.0,1.0,2.0,1.0,1.0,0.9691101087620594,1.0
1.0,1.0,5.0,2.0,5.0,1.0,3.0,0.9842700930017679,3.0
2.0,2.0,4.0,1.0,5.0,1.0,3.0,0.9895128699160339,3.0
2.0,2.0,4.0,2.0,5.0,1.0,1.0,0.979047650124418,1.0
1.0,1.0,5.0,3.0,5.0,2.0,5.0,0.9833484409107004,5.0
1.0,1.0,5.0,2.0,5.0,2.0,1.0,0.9906180908509495,1.0
1.0,1.0,5.0,4.0,5.0,4.0,1.0,0.9808146787013312,1.0
1.0,1.0,5.0,3.0,5.0,3.0,3.0,0.9807723891697544,3.0
2.0,3.0,3.0,2.0,3.0,2.0,1.0,0.9861607947079395,1.0
2.0,3.0,4.0,1.0,5.0,1.0,3.0,0.9712815912946954,3.0
1.0,2.0,4.0,2.0,5.0,2.0,1.0,0.9798067791121858,1.0
2.0,3.0,3.0,3.0,3.0,2.0,3.0,0.9803582158784971,3.0
3.0,4.0,3.0,1.0,4.0,1.0,1.0,0.9736630172511553,1.0
1.0,1.0,5.0,4.0,3.0,4.0,1.0,0.9769414388706601,1.0
1.0,2.0,4.0,4.0,3.0,3.0,1.0,0.9801041874944745,1.0
1.0,1.0,5.0,4.0,4.0,3.0,3.0,0.9801598345772451,3.0
2.0,2.0,4.0,1.0,5.0,1.0,2.0,0.9898428260088568,2.0
3.0,3.0,3.0,1.0,4.0,1.0,1.0,0.982400050611953,1.0
4.0,4.0,2.0,1.0,2.0,1.0,3.0,0.9557789127765268,3.0
1.0,1.0,5.0,3.0,4.0,2.0,1.0,0.9832809554369675,1.0
2.0,2.0,4.0,4.0,3.0,3.0,3.0,0.9757224486623842,3.0
1.0,2.0,4.0,4.0,3.0,3.0,3.0,0.9811485395980655,3.0
2.0,2.0,4.0,3.0,4.0,2.0,1.0,0.9849428318393959,1.0
3.0,4.0,2.0,1.0,3.0,1.0,3.0,0.9839952961360601,3.0
2.0,3.0,3.0,2.0,4.0,1.0,3.0,0.9769146499689784,3.0
1.0,1.0,5.0,4.0,3.0,4.0,1.0,0.9813109148182896,1.0
1.0,1.0,5.0,3.0,5.0,3.0,5.0,0.9771458818109343,5.0
1.0,1.0,5.0,3.0,5.0,3.0,1.0,0.9709221620143268,1.0
2.0,3.0,3.0,1.0,5.0,1.0,4.0,0.9881279317959708,4.0
1.0,2.0,4.0,2.0,4.0,2.0,1.0,0.9840786207532282,1.0
2.0,3.0,4.0,2.0,4.0,2.0,3.0,0.976649582149449,3.0
2.0,2.0,4.0,2.0,5.0,1.0,1.0,0.9836700801349794,1.0
1.0,1.0,5.0,4.0,4.0,3.0,3.0,0.9801779667727545,3.0
2.0,3.0,4.0,2.0,4.0,2.0,3.0,0.978655829213015,3.0
1.0,1.0,5.0,3.0,5.0,2.0,4.0,0.9778867501050019,4.0
1.0,1.0,5.0,4.0,4.0,4.0,3.0,0.9841975559596214,3.0
2.0,2.0,4.0,2.0,5.0,1.0,3.0,0.9811848631659711,3.0
2.0,2.0,4.0,2.0,5.0,1.0,1.0,0.9838223359878252,1.0
1.0,2.0,5.0,3.0,4.0,2.0,1.0,0.978943482183109,1.0
1.0,1.0,5.0,3.0,5.0,2.0,4.0,0.977306668317309,4.0
1.0,1.0,5.0,2.0,5.0,2.0,3.0,0.9845371739591346,3.0
1.0,1.0,5.0,4.0,5.0,3.0,5.0,0.9769188606455979,5.0
1.0,1.0,5.0,3.0,4.0,3.0,2.0,0.976452481644726,2.0
1.0,1.0,5.0,5.0,5.0,4.0,4.0,0.9681105034440068,4.0
1.0,1.0,5.0,2.0,5.0,2.0,3.0,0.9848307942428122,3.0
1.0,2.0,4.0,2.0,5.0,2.0,1.0,0.9830197925529132,1.0
1.0,1.0,5.0,2.0,5.0,1.0,1.0,0.9786278298205662,1.0
1.0,1.0,5.0,4.0,4.0,4.0,4.0,0.9766077678904069,4.0
1.0,1.0,5.0,2.0,5.0,2.0,1.0,0.9888453709173061,1.0
1.0,1.0,5.0,2.0,5.0,2.0,1.0,0.9781281343855055,1.0
3.0,4.0,3.0,2.0,3.0,1.0,1.0,0.9697688767199537,1.0
3.0,4.0,3.0,1.0,4.0,1.0,1.0,0.9736983181428872,1.0
1.0,1.0,5.0,3.0,5.0,2.0,1.0,0.9835014578807798,1.0
1.0,1.0,5.0,2.0,5.0,2.0,4.0,0.9781450160847728,4.0
1.0,1.0,5.0,3.0,5.0,3.0,1.0,0.9863457826635849,1.0
2.0,2.0,4.0,3.0,3.0,2.0,2.0,0.9820797805054625,2.0
1.0,1.0,5.0,4.0,3.0,3.0,3.0,0.9806088214000247,3.0
3.0,3.0,3.0,3.0,2.0,2.0,1.0,0.9842449870235381,1.0
1.0,1.0,5.0,4.0,4.0,4.0,3.0,0.9787692688727821,3.0
3.0,4.0,3.0,1.0,4.0,1.0,1.0,0.9779114840249987,1.0
3.0,3.0,3.0,1.0,4.0,1.0,3.0,0.9746744186113652,3.0
2.0,3.0,3.0,1.0,4.0,1.0,3.0,0.9804867913616397,3.0
5.0,5.0,1.0,1.0,3.0,1.0,1.0,0.9582987030590843,1.0
1.0,1.0,5.0,5.0,5.0,5.0,4.0,0.957257904056354,4.0
2.0,2.0,5.0,2.0,5.0,2.0,3.0,0.982316656977157,3.0
1.0,1.0,5.0,3.0,5.0,2.0,5.0,0.9803478751779378,5.0
1.0,1.0,5.0,3.0,5.0,2.0,1.0,0.9877006644448746,1.0
1.0,2.0,4.0,5.0,4.0,5.0,6.0,0.9784830479397655,6.0
2.0,2.0,4.0,2.0,4.0,1.0,1.0,0.9844583962939328,1.0
1.0,2.0,4.0,2.0,5.0,1.0,3.0,0.9848153751735419,3.0
1.0,1.0,5.0,5.0,4.0,4.0,3.0,0.9519302126843424,3.0
1.0,1.0,5.0,2.0,5.0,2.0,2.0,0.9805708649506363,2.0
1.0,1.0,5.0,3.0,5.0,3.0,3.0,0.9817877238613677,3.0
1.0,1.0,5.0,2.0,5.0,1.0,1.0,0.9831860643134968,1.0
1.0,1.0,5.0,2.0,5.0,2.0,1.0,0.9773439728787479,1.0
1.0,1.0,5.0,4.0,3.0,4.0,1.0,0.973277937850587,1.0
3.0,4.0,3.0,1.0,5.0,1.0,3.0,0.9698291171979523,3.0
1.0,1.0,5.0,3.0,4.0,3.0,2.0,0.9799476186412135,2.0
2.0,2.0,4.0,2.0,4.0,2.0,3.0,0.9819149144780827,3.0
1.0,2.0,4.0,2.0,5.0,1.0,3.0,0.9831298460306453,3.0
1.0,1.0,5.0,3.0,4.0,3.0,1.0,0.9854866917453069,1.0
2.0,2.0,4.0,2.0,5.0,1.0,1.0,0.9855980298992828,1.0
1.0,1.0,5.0,4.0,4.0,4.0,4.0,0.9822758809943031,4.0
2.0,3.0,3.0,1.0,4.0,1.0,2.0,0.9827870791988629,2.0
2.0,3.0,4.0,2.0,4.0,1.0,1.0,0.9711772110588772,1.0
1.0,1.0,5.0,2.0,5.0,1.0,1.0,0.9843988998139981,1.0
2.0,2.0,4.0,2.0,4.0,2.0,4.0,0.9879051392538549,4.0
2.0,2.0,4.0,3.0,3.0,2.0,3.0,0.9808579558865943,3.0
1.0,2.0,4.0,2.0,4.0,2.0,3.0,0.986086076668107,3.0
1.0,1.0,5.0,4.0,5.0,4.0,5.0,0.9800475231427226,5.0
2.0,2.0,4.0,2.0,4.0,2.0,3.0,0.984609456407972,3.0
1.0,2.0,5.0,3.0,4.0,3.0,3.0,0.9792727543815534,3.0
1.0,1.0,5.0,3.0,4.0,3.0,3.0,0.9802660960485547,3.0
2.0,3.0,3.0,2.0,4.0,1.0,3.0,0.983963697285329,3.0
3.0,4.0,3.0,3.0,2.0,2.0,5.0,0.9697662899602905,5.0
1.0,1.0,5.0,2.0,5.0,1.0,2.0,0.984816601905087,2.0
4.0,5.0,1.0,1.0,3.0,1.0,3.0,0.9667791568636294,3.0
1.0,1.0,5.0,2.0,5.0,2.0,4.0,0.9813894285847323,4.0
1.0,1.0,5.0,3.0,5.0,2.0,3.0,0.9861541029886445,3.0
1.0,1.0,5.0,1.0,5.0,1.0,6.0,0.982761444025901,6.0
1.0,1.0,5.0,2.0,5.0,2.0,1.0,0.9886620587793601,1.0
1.0,2.0,5.0,3.0,5.0,2.0,3.0,0.9802767024678763,3.0
4.0,4.0,2.0,1.0,3.0,1.0,1.0,0.964442656798009,1.0
1.0,1.0,5.0,2.0,5.0,2.0,1.0,0.9845101858651437,1.0
1.0,1.0,5.0,2.0,5.0,2.0,3.0,0.9783525984609507,3.0
1.0,2.0,4.0,3.0,3.0,3.0,3.0,0.976418718246191,3.0
1.0,2.0,4.0,2.0,5.0,2.0,1.0,0.9796424853346096,1.0
2.0,3.0,3.0,1.0,4.0,1.0,2.0,0.9837354216904989,2.0
1.0,2.0,5.0,3.0,4.0,2.0,3.0,0.9783190985906698,3.0
1.0,1.0,5.0,3.0,5.0,2.0,2.0,0.9769795909646192,2.0
1.0,1.0,5.0,2.0,5.0,2.0,6.0,0.9849549257333589,6.0
1.0,1.0,5.0,3.0,5.0,2.0,1.0,0.9799857417561799,1.0
2.0,3.0,4.0,2.0,5.0,1.0,1.0,0.976306076282484,1.0
1.0,1.0,5.0,2.0,5.0,1.0,3.0,0.9854752650131452,3.0
1.0,1.0,5.0,2.0,5.0,1.0,3.0,0.9833457507825738,3.0
2.0,2.0,4.0,2.0,5.0,1.0,1.0,0.9847307306969336,1.0
1.0,1.0,5.0,4.0,5.0,3.0,1.0,0.9818911555154771,1.0
1.0,1.0,5.0,2.0,5.0,1.0,4.0,0.9842431049077769,4.0
1.0,1.0,5.0,3.0,5.0,3.0,5.0,0.9837633487826486,5.0
1.0,1.0,5.0,3.0,5.0,3.0,1.0,0.9853385079406257,1.0
2.0,2.0,4.0,1.0,5.0,1.0,3.0,0.9809582978744406,3.0
2.0,2.0,4.0,1.0,5.0,1.0,1.0,0.9829221327930027,1.0
1.0,1.0,5.0,4.0,3.0,4.0,3.0,0.9629257047109014,3.0
2.0,3.0,3.0,1.0,5.0,1.0,3.0,0.9816629995538927,3.0
2.0,2.0,4.0,1.0,5.0,1.0,3.0,0.9840178287458313,3.0
2.0,2.0,4.0,1.0,5.0,1.0,1.0,0.9861802749481413,1.0
1.0,1.0,5.0,3.0,5.0,2.0,1.0,0.9788060133115088,1.0
2.0,3.0,3.0,1.0,5.0,1.0,1.0,0.9832563205968016,1.0
3.0,4.0,3.0,1.0,4.0,1.0,3.0,0.9692488733633327,3.0
1.0,2.0,4.0,2.0,4.0,2.0,4.0,0.9784245019948676,4.0
2.0,2.0,4.0,4.0,3.0,4.0,3.0,0.9591879714434591,3.0
1.0,1.0,5.0,4.0,5.0,3.0,5.0,0.9713988409792199,5.0
3.0,4.0,2.0,1.0,4.0,1.0,4.0,0.9788721243798617,4.0
1.0,1.0,5.0,3.0,5.0,2.0,5.0,0.9822110032646195,5.0
2.0,3.0,3.0,1.0,5.0,1.0,3.0,0.9838521377723684,3.0
1.0,1.0,5.0,4.0,3.0,4.0,3.0,0.9644144204870438,3.0
1.0,1.0,5.0,2.0,5.0,2.0,1.0,0.9800445198764238,1.0
1.0,2.0,4.0,3.0,4.0,2.0,1.0,0.9795263387944443,1.0
2.0,3.0,4.0,2.0,3.0,2.0,1.0,0.9796414992724892,1.0
1.0,1.0,5.0,4.0,4.0,3.0,5.0,0.9756138905680063,5.0
1.0,1.0,5.0,3.0,5.0,2.0,3.0,0.9824505846089193,3.0
1.0,1.0,5.0,3.0,5.0,2.0,1.0,0.9852062182673007,1.0
2.0,3.0,3.0,2.0,4.0,1.0,1.0,0.9776339224513145,1.0
1.0,1.0,5.0,3.0,5.0,2.0,3.0,0.980895984564491,3.0
1.0,1.0,5.0,4.0,5.0,3.0,5.0,0.9736449864382035,5.0
2.0,3.0,3.0,2.0,3.0,1.0,1.0,0.9817448661162856,1.0
1.0,2.0,4.0,3.0,4.0,2.0,3.0,0.9796999213080687,3.0
1.0,1.0,5.0,1.0,5.0,1.0,3.0,0.9810107492870523,3.0
1.0,1.0,5.0,4.0,5.0,3.0,5.0,0.9842525341082372,5.0
2.0,3.0,4.0,2.0,4.0,2.0,2.0,0.9724098467527653,2.0
2.0,3.0,3.0,1.0,5.0,1.0,4.0,0.9816573060864845,4.0
2.0,2.0,4.0,2.0,4.0,1.0,4.0,0.980477526182224,4.0
1.0,1.0,5.0,2.0,5.0,2.0,1.0,0.9791335333641014,1.0
1.0,1.0,5.0,2.0,5.0,1.0,1.0,0.9782514304517137,1.0
2.0,2.0,4.0,2.0,5.0,1.0,5.0,0.9759680243137581,5.0
3.0,4.0,2.0,2.0,2.0,1.0,1.0,0.9857537826558017,1.0
1.0,1.0,5.0,4.0,3.0,3.0,3.0,0.9759254803804486,3.0
2.0,2.0,4.0,3.0,3.0,2.0,3.0,0.977556821298869,3.0
3.0,3.0,3.0,1.0,4.0,1.0,3.0,0.9823314570911607,3.0
1.0,1.0,5.0,1.0,5.0,1.0,4.0,0.9833808994120056,4.0
1.0,2.0,4.0,2.0,4.0,2.0,1.0,0.988838759570755,1.0
1.0,1.0,5.0,3.0,4.0,3.0,1.0,0.9745417233868967,1.0
2.0,2.0,4.0,2.0,5.0,2.0,1.0,0.9827519513309757,1.0
1.0,1.0,5.0,3.0,5.0,3.0,5.0,0.984414288768136,5.0
2.0,3.0,3.0,2.0,3.0,2.0,1.0,0.9757863922773345,1.0
3.0,3.0,3.0,2.0,3.0,1.0,1.0,0.970225535556831,1.0
1.0,1.0,5.0,3.0,5.0,2.0,3.0,0.984879048310951,3.0
2.0,3.0,3.0,2.0,4.0,1.0,2.0,0.976308293456425,2.0
1.0,1.0,5.0,3.0,4.0,3.0,3.0,0.9821134781324178,3.0
2.0,3.0,3.0,1.0,5.0,1.0,2.0,0.9755064634630952,2.0
1.0,2.0,4.0,1.0,5.0,1.0,3.0,0.9794813025586804,3.0
1.0,1.0,5.0,4.0,4.0,3.0,5.0,0.9844440347024566,5.0
1.0,1.0,5.0,3.0,5.0,3.0,5.0,0.9787902843692102,5.0
1.0,1.0,5.0,4.0,4.0,3.0,1.0,0.9821867181863757,1.0
1.0,1.0,5.0,1.0,5.0,1.0,4.0,0.9774136968468391,4.0
2.0,2.0,4.0,2.0,4.0,2.0,1.0,0.982556615879654,1.0
2.0,2.0,4.0,2.0,4.0,2.0,3.0,0.9839098037605535,3.0
1.0,1.0,5.0,2.0,5.0,2.0,1.0,0.9871854786665638,1.0
1.0,1.0,5.0,3.0,4.0,2.0,3.0,0.9817010182311756,3.0
4.0,4.0,3.0,2.0,3.0,1.0,3.0,0.9760680640131207,3.0
1.0,1.0,5.0,4.0,3.0,3.0,1.0,0.9792854980823362,1.0
1.0,1.0,5.0,3.0,5.0,3.0,1.0,0.9744216757476614,1.0
4.0,5.0,1.0,1.0,3.0,1.0,1.0,0.963105198904531,1.0
3.0,4.0,2.0,2.0,2.0,1.0,3.0,0.9695170501060087,3.0
1.0,1.0,5.0,2.0,5.0,2.0,3.0,0.986424016966622,3.0
3.0,3.0,3.0,1.0,5.0,1.0,1.0,0.9675788492104105,1.0
3.0,4.0,3.0,2.0,3.0,1.0,1.0,0.9740292412899745,1.0
1.0,1.0,5.0,3.0,5.0,3.0,3.0,0.9738126840777904,3.0
2.0,3.0,4.0,2.0,5.0,1.0,3.0,0.9766372463033978,3.0
1.0,1.0,5.0,2.0,5.0,1.0,1.0,0.9820691957902431,1.0
3.0,3.0,3.0,2.0,3.0,2.0,1.0,0.9676125814778955,1.0
3.0,4.0,2.0,1.0,3.0,1.0,1.0,0.9694181587787537,1.0
2.0,3.0,4.0,2.0,4.0,1.0,1.0,0.971589987445976,1.0
2.0,2.0,4.0,3.0,4.0,2.0,1.0,0.9800090714419856,1.0
3.0,4.0,3.0,2.0,3.0,1.0,4.0,0.9734620622148256,4.0
1.0,1.0,5.0,2.0,5.0,1.0,4.0,0.9808562141238724,4.0
2.0,3.0,3.0,1.0,5.0,1.0,3.0,0.9808355489572255,3.0
1.0,2.0,4.0,3.0,3.0,3.0,1.0,0.9712229063605363,1.0
2.0,2.0,4.0,3.0,4.0,2.0,1.0,0.9784155104327443,1.0
1.0,2.0,5.0,2.0,5.0,2.0,5.0,0.9776634009274854,5.0
2.0,2.0,4.0,4.0,2.0,4.0,1.0,0.95569783643194,1.0
1.0,2.0,4.0,3.0,4.0,3.0,1.0,0.981032817010069,1.0
1.0,1.0,5.0,4.0,5.0,4.0,5.0,0.9820826818907543,5.0
3.0,3.0,3.0,1.0,4.0,1.0,1.0,0.9802821730395249,1.0
2.0,2.0,4.0,2.0,4.0,1.0,3.0,0.9794227845278223,3.0
1.0,1.0,5.0,1.0,5.0,1.0,3.0,0.980029036635617,3.0
1.0,1.0,5.0,3.0,5.0,3.0,5.0,0.9843797460445735,5.0
1.0,1.0,5.0,5.0,4.0,5.0,5.0,0.9135586771292318,5.0
2.0,3.0,3.0,2.0,4.0,1.0,3.0,0.97928502799971,3.0
3.0,4.0,3.0,1.0,4.0,1.0,2.0,0.9720273260284473,2.0
2.0,2.0,4.0,2.0,4.0,2.0,1.0,0.9831497405816849,1.0
2.0,2.0,4.0,3.0,3.0,2.0,4.0,0.9760187895661071,4.0
2.0,2.0,4.0,1.0,5.0,1.0,6.0,0.981786682205235,6.0
1.0,1.0,5.0,3.0,5.0,3.0,4.0,0.9748318385150488,4.0
2.0,2.0,4.0,2.0,4.0,2.0,1.0,0.9863701551167571,1.0
2.0,3.0,4.0,1.0,5.0,1.0,1.0,0.9729156164408658,1.0
1.0,1.0,5.0,2.0,5.0,1.0,3.0,0.9773554498942957,3.0
2.0,2.0,4.0,2.0,4.0,2.0,4.0,0.9856705024693386,4.0
2.0,2.0,4.0,1.0,5.0,1.0,1.0,0.9766458921542296,1.0
1.0,1.0,5.0,2.0,5.0,2.0,1.0,0.9807862678009156,1.0
1.0,2.0,5.0,2.0,5.0,2.0,3.0,0.978360850684997,3.0
1.0,1.0,5.0,2.0,5.0,2.0,3.0,0.9847267039828446,3.0
3.0,3.0,3.0,2.0,3.0,1.0,4.0,0.9810697906435246,4.0
2.0,2.0,4.0,2.0,4.0,2.0,1.0,0.9863220110114388,1.0
2.0,2.0,4.0,1.0,5.0,1.0,1.0,0.9824397465507527,1.0
1.0,2.0,4.0,2.0,5.0,2.0,3.0,0.9849812507784422,3.0
2.0,3.0,3.0,1.0,5.0,1.0,3.0,0.9761574165701061,3.0
1.0,1.0,5.0,4.0,5.0,4.0,5.0,0.9730349669619304,5.0
1.0,1.0,5.0,4.0,5.0,3.0,3.0,0.9854100430494284,3.0
1.0,2.0,4.0,3.0,3.0,3.0,1.0,0.9796741980780688,1.0
2.0,2.0,4.0,1.0,5.0,1.0,1.0,0.9877235455433699,1.0
2.0,2.0,4.0,2.0,5.0,2.0,1.0,0.9831276594138739,1.0
1.0,1.0,5.0,3.0,4.0,3.0,3.0,0.9781500302932883,3.0
1.0,2.0,4.0,2.0,5.0,1.0,3.0,0.9830574688694875,3.0
2.0,3.0,4.0,3.0,3.0,2.0,3.0,0.9782789304824814,3.0
1.0,1.0,5.0,3.0,5.0,2.0,1.0,0.984965127734333,1.0
1.0,2.0,4.0,2.0,5.0,2.0,1.0,0.9889760763493518,1.0
1.0,1.0,5.0,2.0,5.0,2.0,1.0,0.9836826999266094,1.0
2.0,2.0,4.0,2.0,5.0,1.0,1.0,0.9800396400778235,1.0
1.0,1.0,5.0,2.0,5.0,1.0,1.0,0.9826103252213173,1.0
2.0,2.0,4.0,2.0,4.0,2.0,1.0,0.9887548514503176,1.0
1.0,2.0,5.0,4.0,5.0,3.0,5.0,0.9737100032100912,5.0
1.0,2.0,4.0,4.0,3.0,4.0,4.0,0.9754282655098429,4.0
1.0,2.0,5.0,4.0,3.0,4.0,1.0,0.97355659051732,1.0
3.0,3.0,3.0,2.0,3.0,1.0,1.0,0.9829795909677401,1.0
1.0,2.0,4.0,2.0,5.0,2.0,1.0,0.98489141300303,1.0
1.0,1.0,5.0,2.0,5.0,2.0,4.0,0.9830738470227532,4.0
1.0,2.0,5.0,4.0,3.0,3.0,3.0,0.9772895299010097,3.0
1.0,2.0,4.0,3.0,5.0,2.0,4.0,0.982259883932009,4.0
1.0,1.0,5.0,4.0,5.0,3.0,4.0,0.972744600124109,4.0
1.0,1.0,5.0,4.0,5.0,3.0,1.0,0.9774425062433033,1.0
2.0,3.0,4.0,1.0,5.0,1.0,1.0,0.9780317703127851,1.0
1.0,1.0,5.0,3.0,4.0,3.0,3.0,0.9821278588392012,3.0
1.0,1.0,5.0,4.0,5.0,3.0,5.0,0.9819064100283322,5.0
1.0,1.0,5.0,2.0,5.0,2.0,1.0,0.9864883270116294,1.0
2.0,3.0,3.0,2.0,3.0,2.0,3.0,0.976864355439965,3.0
2.0,3.0,4.0,3.0,3.0,3.0,5.0,0.9736045259972651,5.0
1.0,1.0,5.0,4.0,4.0,4.0,5.0,0.9797482006457308,5.0
2.0,3.0,3.0,2.0,4.0,1.0,4.0,0.9789291994148966,4.0
1.0,1.0,5.0,4.0,4.0,3.0,3.0,0.9831644232277793,3.0
2.0,3.0,4.0,2.0,4.0,2.0,5.0,0.9791338317619194,5.0
1.0,1.0,5.0,4.0,4.0,3.0,1.0,0.9842420795593678,1.0
1.0,2.0,5.0,4.0,3.0,3.0,3.0,0.9750281262552456,3.0
1.0,1.0,5.0,3.0,5.0,2.0,1.0,0.9806806931783348,1.0
1.0,1.0,5.0,5.0,4.0,4.0,1.0,0.9644140365525518,1.0
1.0,1.0,5.0,3.0,5.0,2.0,3.0,0.9882753881737297,3.0
3.0,4.0,2.0,2.0,2.0,1.0,1.0,0.9475535291062325,1.0
2.0,2.0,4.0,1.0,5.0,1.0,4.0,0.9844089728247819,4.0
1.0,1.0,5.0,4.0,3.0,4.0,3.0,0.9802306969563009,3.0
1.0,2.0,5.0,3.0,4.0,2.0,3.0,0.9783720911155226,3.0
1.0,1.0,5.0,3.0,5.0,2.0,3.0,0.9859208175448736,3.0
1.0,1.0,5.0,2.0,5.0,2.0,3.0,0.98347175761226,3.0
3.0,3.0,3.0,2.0,2.0,2.0,3.0,0.9700112205924099,3.0
1.0,1.0,5.0,2.0,5.0,2.0,6.0,0.9876112726369768,6.0
1.0,2.0,4.0,4.0,3.0,3.0,1.0,0.9768660274757252,1.0
1.0,1.0,5.0,2.0,5.0,2.0,4.0,0.9762392598119117,4.0
1.0,2.0,4.0,1.0,5.0,1.0,2.0,0.9862366016385795,2.0
1.0,2.0,4.0,2.0,5.0,1.0,1.0,0.979090513430119,1.0
1.0,1.0,5.0,1.0,5.0,1.0,1.0,0.9782240184116777,1.0
1.0,2.0,4.0,2.0,5.0,2.0,3.0,0.9871691264890361,3.0
4.0,4.0,2.0,1.0,4.0,1.0,3.0,0.95388415499721,3.0
1.0,1.0,5.0,2.0,5.0,2.0,3.0,0.9830184803063647,3.0
2.0,2.0,4.0,2.0,5.0,2.0,1.0,0.9839170611631126,1.0
3.0,4.0,2.0,2.0,2.0,1.0,1.0,0.9859349445902688,1.0
2.0,2.0,4.0,3.0,3.0,2.0,1.0,0.9828937168856022,1.0
1.0,1.0,5.0,4.0,4.0,3.0,1.0,0.9790081275383309,1.0
1.0,1.0,5.0,2.0,5.0,1.0,4.0,0.9857630252920919,4.0
1.0,1.0,5.0,4.0,4.0,4.0,1.0,0.9864510618078755,1.0
2.0,3.0,3.0,2.0,3.0,2.0,1.0,0.9852906872041883,1.0
1.0,1.0,5.0,2.0,5.0,2.0,3.0,0.9881247503626288,3.0
1.0,1.0,5.0,3.0,5.0,3.0,6.0,0.9747186686051447,6.0
1.0,2.0,5.0,2.0,5.0,1.0,2.0,0.9791855511445138,2.0
2.0,2.0,4.0,1.0,5.0,1.0,3.0,0.9868917842074169,3.0
1.0,2.0,4.0,3.0,4.0,2.0,1.0,0.9830814717831695,1.0
2.0,2.0,4.0,2.0,4.0,2.0,1.0,0.9815359629222195,1.0
1.0,2.0,4.0,2.0,5.0,2.0,3.0,0.9807974424412229,3.0
2.0,3.0,4.0,1.0,4.0,1.0,5.0,0.9749823451100638,5.0
1.0,1.0,5.0,3.0,5.0,2.0,3.0,0.9775267556559072,3.0
2.0,2.0,4.0,3.0,4.0,2.0,3.0,0.9803384964561225,3.0
1.0,2.0,4.0,3.0,3.0,3.0,3.0,0.9716018067218728,3.0
1.0,1.0,5.0,3.0,5.0,2.0,1.0,0.9806342388173638,1.0
1.0,1.0,5.0,2.0,5.0,2.0,3.0,0.9857921203297192,3.0
1.0,1.0,5.0,4.0,4.0,4.0,3.0,0.9793170045076464,3.0
1.0,2.0,4.0,2.0,5.0,2.0,3.0,0.9833642172168573,3.0
2.0,2.0,4.0,3.0,3.0,3.0,4.0,0.9801952524952593,4.0
1.0,1.0,5.0,2.0,5.0,1.0,2.0,0.9836904623467325,2.0
3.0,4.0,3.0,1.0,4.0,1.0,3.0,0.9721324306853282,3.0
1.0,2.0,5.0,3.0,4.0,2.0,3.0,0.9796352384732124,3.0
1.0,1.0,5.0,3.0,5.0,3.0,5.0,0.981526562711092,5.0
1.0,1.0,5.0,3.0,5.0,2.0,1.0,0.9814526886077756,1.0
1.0,2.0,4.0,4.0,4.0,3.0,5.0,0.9834203070721549,5.0
1.0,1.0,5.0,4.0,3.0,3.0,1.0,0.9759156665280881,1.0
2.0,2.0,4.0,2.0,4.0,1.0,5.0,0.9810342524116397,5.0
1.0,1.0,5.0,3.0,5.0,2.0,2.0,0.9789116802439607,2.0
1.0,1.0,5.0,3.0,5.0,2.0,3.0,0.9850738037966942,3.0
2.0,2.0,4.0,3.0,5.0,2.0,4.0,0.9847477462055375,4.0
1.0,1.0,5.0,2.0,5.0,1.0,3.0,0.9810880215735531,3.0
1.0,1.0,5.0,3.0,5.0,3.0,2.0,0.9675331796230827,2.0
1.0,1.0,5.0,4.0,4.0,4.0,3.0,0.9720462014553627,3.0
1.0,1.0,5.0,1.0,5.0,1.0,4.0,0.9860684517921013,4.0
1.0,1.0,5.0,2.0,5.0,2.0,1.0,0.9830626426419864,1.0
5.0,5.0,1.0,1.0,2.0,1.0,1.0,0.9653393684195302,1.0
3.0,3.0,4.0,2.0,3.0,2.0,1.0,0.9770984171634667,1.0
1.0,1.0,5.0,3.0,5.0,2.0,5.0,0.9865240761173479,5.0
1.0,1.0,5.0,3.0,5.0,3.0,3.0,0.9759443288075508,3.0
1.0,1.0,5.0,3.0,5.0,3.0,1.0,0.9803529704040126,1.0
2.0,2.0,4.0,1.0,5.0,1.0,1.0,0.98146206121035,1.0
1.0,2.0,4.0,3.0,4.0,3.0,4.0,0.9787065011209938,4.0
1.0,1.0,5.0,4.0,4.0,3.0,3.0,0.9755092390531174,3.0
1.0,2.0,4.0,2.0,5.0,1.0,1.0,0.983105924765517,1.0
2.0,3.0,3.0,1.0,5.0,1.0,2.0,0.984514167025185,2.0
2.0,2.0,4.0,2.0,4.0,2.0,1.0,0.9826986981501428,1.0
1.0,1.0,5.0,3.0,5.0,2.0,5.0,0.9805561799265125,5.0
3.0,4.0,3.0,1.0,4.0,1.0,1.0,0.9768354535156797,1.0
1.0,1.0,5.0,4.0,3.0,3.0,2.0,0.9823073725101552,2.0
1.0,1.0,5.0,3.0,5.0,3.0,5.0,0.9838524457205038,5.0
1.0,1.0,5.0,2.0,5.0,2.0,1.0,0.9784557644009185,1.0
1.0,2.0,4.0,1.0,5.0,1.0,1.0,0.981608486490745,1.0
2.0,3.0,3.0,1.0,5.0,1.0,2.0,0.986288523969256,2.0
1.0,1.0,5.0,4.0,4.0,3.0,5.0,0.9734904182635274,5.0
1.0,2.0,5.0,1.0,5.0,1.0,2.0,0.9774574871895534,2.0
4.0,5.0,2.0,1.0,4.0,1.0,5.0,0.950515827987845,5.0
1.0,1.0,5.0,2.0,5.0,2.0,3.0,0.9883576305426651,3.0
2.0,2.0,4.0,3.0,3.0,3.0,3.0,0.9770151122636325,3.0
1.0,1.0,5.0,4.0,4.0,3.0,1.0,0.9814844143768355,1.0
1.0,2.0,4.0,1.0,5.0,1.0,1.0,0.9877161928447578,1.0
1.0,2.0,4.0,3.0,4.0,2.0,1.0,0.9784541754240721,1.0
1.0,1.0,5.0,3.0,5.0,3.0,1.0,0.9743610266799226,1.0
2.0,3.0,4.0,1.0,5.0,1.0,3.0,0.9722096264822417,3.0
4.0,5.0,1.0,1.0,2.0,1.0,5.0,0.9689933615157996,5.0
1.0,2.0,4.0,2.0,5.0,2.0,3.0,0.9841915566717175,3.0
1.0,1.0,5.0,4.0,4.0,4.0,1.0,0.9699216059369653,1.0
1.0,1.0,5.0,4.0,3.0,4.0,3.0,0.9678401549420984,3.0
1.0,1.0,5.0,5.0,5.0,4.0,5.0,0.9462001496374213,5.0
2.0,2.0,4.0,2.0,5.0,1.0,1.0,0.9830664662316688,1.0
1.0,1.0,5.0,3.0,5.0,3.0,1.0,0.9815271760768646,1.0
1.0,1.0,5.0,4.0,4.0,4.0,1.0,0.9766402762763506,1.0
1.0,1.0,5.0,2.0,5.0,1.0,1.0,0.9863770044303884,1.0
3.0,3.0,3.0,3.0,2.0,3.0,1.0,0.9769858160780077,1.0
1.0,1.0,5.0,5.0,4.0,5.0,5.0,0.9608325997786251,5.0
1.0,1.0,5.0,4.0,3.0,4.0,3.0,0.9784162269091082,3.0
1.0,2.0,4.0,3.0,4.0,2.0,1.0,0.9833828295573563,1.0
1.0,1.0,5.0,2.0,5.0,1.0,1.0,0.982626272731403,1.0
2.0,2.0,4.0,1.0,5.0,1.0,3.0,0.979782761977374,3.0
4.0,4.0,2.0,1.0,4.0,1.0,1.0,0.9658237777347147,1.0
1.0,1.0,5.0,1.0,5.0,1.0,3.0,0.9788648977357204,3.0
1.0,1.0,5.0,3.0,5.0,2.0,1.0,0.9853999294321362,1.0
2.0,3.0,3.0,1.0,5.0,1.0,3.0,0.9863006172325205,3.0
3.0,4.0,2.0,1.0,3.0,1.0,1.0,0.9696357047313721,1.0
2.0,2.0,4.0,1.0,5.0,1.0,3.0,0.977496413238428,3.0
1.0,1.0,5.0,2.0,5.0,1.0,1.0,0.9835504082773364,1.0
4.0,4.0,2.0,1.0,3.0,1.0,1.0,0.971757375606012,1.0
2.0,2.0,4.0,2.0,4.0,1.0,2.0,0.9842752959744508,2.0
1.0,1.0,5.0,3.0,5.0,3.0,5.0,0.9818185248188136,5.0
2.0,2.0,4.0,2.0,4.0,2.0,3.0,0.9787905143262733,3.0
1.0,2.0,4.0,2.0,5.0,2.0,5.0,0.9823278304465024,5.0
1.0,1.0,5.0,5.0,4.0,4.0,1.0,0.9481389988443703,1.0
1.0,1.0,5.0,4.0,5.0,3.0,5.0,0.9763964661368412,5.0
1.0,1.0,5.0,2.0,5.0,2.0,1.0,0.9836386949724532,1.0
1.0,2.0,4.0,3.0,4.0,2.0,2.0,0.9781303182961792,2.0
2.0,3.0,4.0,1.0,5.0,1.0,5.0,0.9704503450530895,5.0
1.0,2.0,4.0,2.0,5.0,1.0,4.0,0.9829427694700255,4.0
1.0,1.0,5.0,2.0,5.0,2.0,1.0,0.9902586498852405,1.0
1.0,1.0,5.0,2.0,5.0,1.0,1.0,0.9800552712808489,1.0
2.0,2.0,4.0,1.0,5.0,1.0,3.0,0.9762872991192324,3.0
2.0,3.0,3.0,2.0,3.0,2.0,3.0,0.9806894166270804,3.0
1.0,2.0,4.0,4.0,3.0,3.0,3.0,0.9751853605264303,3.0
2.0,3.0,4.0,1.0,5.0,1.0,3.0,0.9735675184591113,3.0
1.0,1.0,5.0,3.0,4.0,3.0,3.0,0.9817033153650304,3.0
2.0,2.0,4.0,2.0,4.0,2.0,2.0,0.9818418338963452,2.0
1.0,1.0,5.0,2.0,5.0,2.0,1.0,0.9845904529408672,1.0
1.0,2.0,4.0,3.0,4.0,3.0,5.0,0.9758960108170204,5.0
1.0,1.0,5.0,3.0,4.0,2.0,3.0,0.9816402879121543,3.0
2.0,3.0,4.0,2.0,5.0,1.0,2.0,0.9756741576968798,2.0
2.0,2.0,4.0,3.0,4.0,2.0,2.0,0.9779279075912463,2.0
4.0,5.0,2.0,1.0,2.0,1.0,3.0,0.957819569448688,3.0
3.0,4.0,3.0,2.0,3.0,2.0,5.0,0.9808922469322405,5.0
2.0,3.0,3.0,2.0,4.0,1.0,3.0,0.9754040505086004,3.0
3.0,4.0,3.0,2.0,4.0,1.0,4.0,0.9701247184329699,4.0
2.0,2.0,4.0,1.0,5.0,1.0,3.0,0.9891043121787286,3.0
1.0,2.0,4.0,3.0,4.0,2.0,2.0,0.9797896987099611,2.0
1.0,1.0,5.0,2.0,5.0,2.0,1.0,0.9872274772621258,1.0
1.0,1.0,5.0,2.0,5.0,1.0,1.0,0.979767657145181,1.0
1.0,1.0,5.0,2.0,5.0,1.0,3.0,0.9792743363776981,3.0
3.0,4.0,2.0,1.0,2.0,1.0,3.0,0.9505654263040617,3.0
2.0,3.0,4.0,1.0,4.0,1.0,1.0,0.9699037721818969,1.0
1.0,1.0,5.0,3.0,5.0,2.0,5.0,0.9816817061190944,5.0
1.0,1.0,5.0,4.0,4.0,3.0,1.0,0.9755298722411109,1.0
4.0,4.0,2.0,1.0,4.0,1.0,3.0,0.9748106564082113,3.0
4.0,5.0,2.0,1.0,4.0,1.0,1.0,0.9646187333178726,1.0
2.0,3.0,3.0,2.0,3.0,2.0,4.0,0.9828924022705642,4.0
1.0,1.0,5.0,2.0,5.0,1.0,3.0,0.9811627819981603,3.0
1.0,2.0,4.0,3.0,5.0,2.0,4.0,0.983420587305501,4.0
2.0,2.0,4.0,2.0,4.0,2.0,1.0,0.9782806949270336,1.0
1.0,2.0,5.0,3.0,4.0,2.0,2.0,0.9771766094640792,2.0
1.0,1.0,5.0,5.0,4.0,5.0,5.0,0.9352636519339597,5.0
3.0,4.0,3.0,1.0,5.0,1.0,5.0,0.9660932596748731,5.0
1.0,1.0,5.0,3.0,5.0,2.0,1.0,0.9785713282866241,1.0
1.0,2.0,4.0,3.0,4.0,3.0,2.0,0.9807205806312114,2.0
2.0,2.0,4.0,3.0,3.0,3.0,4.0,0.9845933915737131,4.0
1.0,1.0,5.0,2.0,5.0,2.0,5.0,0.9862907486053879,5.0
3.0,4.0,3.0,2.0,3.0,1.0,5.0,0.967805579375339,5.0
4.0,5.0,2.0,1.0,3.0,1.0,1.0,0.962900722704771,1.0
1.0,1.0,5.0,2.0,5.0,2.0,3.0,0.9758105323234565,3.0
3.0,4.0,2.0,1.0,3.0,1.0,2.0,0.9854120206094819,2.0
2.0,3.0,3.0,1.0,5.0,1.0,3.0,0.9779556033598812,3.0
3.0,3.0,4.0,2.0,4.0,1.0,2.0,0.9744936558241882,2.0
2.0,3.0,4.0,2.0,4.0,2.0,1.0,0.9801709917414572,1.0
2.0,3.0,3.0,1.0,5.0,1.0,2.0,0.9879597716471985,2.0
4.0,5.0,2.0,1.0,2.0,1.0,1.0,0.9462717773487132,1.0
2.0,3.0,3.0,1.0,5.0,1.0,4.0,0.9831196577553579,4.0
3.0,3.0,4.0,2.0,4.0,1.0,5.0,0.9743114648671239,5.0
1.0,2.0,4.0,1.0,5.0,1.0,1.0,0.9812983634227203,1.0
1.0,1.0,5.0,3.0,5.0,2.0,1.0,0.9793509161835025,1.0
1.0,1.0,5.0,3.0,5.0,2.0,1.0,0.9775322866679682,1.0
1.0,1.0,5.0,2.0,5.0,2.0,1.0,0.9805509378147075,1.0
1.0,1.0,5.0,3.0,5.0,2.0,1.0,0.981011910695498,1.0
3.0,3.0,3.0,1.0,4.0,1.0,3.0,0.9745142982356483,3.0
1.0,1.0,5.0,3.0,5.0,3.0,4.0,0.9783000898423325,4.0
3.0,3.0,3.0,2.0,3.0,2.0,1.0,0.98213159810438,1.0
3.0,3.0,3.0,3.0,2.0,2.0,3.0,0.9574070206011175,3.0
2.0,3.0,3.0,1.0,4.0,1.0,5.0,0.9859646641694901,5.0
1.0,1.0,5.0,5.0,5.0,4.0,5.0,0.9550448840772203,5.0
1.0,1.0,5.0,2.0,5.0,2.0,2.0,0.9876984611507243,2.0
3.0,3.0,3.0,1.0,4.0,1.0,3.0,0.9830142491521195,3.0
1.0,1.0,5.0,2.0,5.0,2.0,5.0,0.9895026910386906,5.0
2.0,3.0,3.0,2.0,4.0,2.0,3.0,0.9775788855997014,3.0
1.0,1.0,5.0,1.0,5.0,1.0,4.0,0.9785341414797022,4.0
1.0,1.0,5.0,3.0,5.0,3.0,5.0,0.9834506911395005,5.0
1.0,1.0,5.0,5.0,3.0,5.0,1.0,0.9391626992166244,1.0
1.0,1.0,5.0,2.0,5.0,2.0,1.0,0.984317465535457,1.0
1.0,1.0,5.0,2.0,5.0,2.0,2.0,0.9826042856838691,2.0
1.0,2.0,4.0,2.0,5.0,1.0,3.0,0.9765957734272596,3.0
2.0,2.0,4.0,2.0,5.0,1.0,1.0,0.9829084209867641,1.0
4.0,5.0,1.0,1.0,3.0,1.0,4.0,0.9761791371150054,4.0
2.0,2.0,4.0,2.0,5.0,1.0,3.0,0.9836817103827501,3.0
1.0,1.0,5.0,2.0,5.0,2.0,1.0,0.9835896767225927,1.0
2.0,2.0,4.0,2.0,5.0,1.0,3.0,0.984542677045391,3.0
1.0,1.0,5.0,4.0,4.0,3.0,3.0,0.9804956687515265,3.0
1.0,1.0,5.0,4.0,5.0,4.0,6.0,0.9771769851332517,6.0
1.0,2.0,4.0,2.0,4.0,2.0,2.0,0.9873487666537216,2.0
2.0,2.0,4.0,1.0,5.0,1.0,1.0,0.9899266811748509,1.0
1.0,1.0,5.0,4.0,4.0,4.0,3.0,0.9581888249460734,3.0
1.0,1.0,5.0,2.0,5.0,2.0,1.0,0.9860626146354023,1.0
1.0,1.0,5.0,3.0,5.0,3.0,1.0,0.983089490449326,1.0
1.0,1.0,5.0,2.0,5.0,1.0,1.0,0.979052998542858,1.0
3.0,4.0,2.0,1.0,4.0,1.0,1.0,0.9799912712183635,1.0
1.0,2.0,5.0,3.0,5.0,3.0,1.0,0.9808488959424063,1.0
1.0,1.0,5.0,3.0,5.0,2.0,2.0,0.9803760113433836,2.0
3.0,4.0,3.0,1.0,4.0,1.0,2.0,0.9730359781010597,2.0
1.0,1.0,5.0,3.0,5.0,3.0,1.0,0.9848498607453026,1.0
1.0,1.0,5.0,3.0,5.0,2.0,2.0,0.9884204536683938,2.0
1.0,1.0,5.0,3.0,5.0,2.0,3.0,0.9840527995304411,3.0
2.0,3.0,4.0,2.0,3.0,2.0,3.0,0.9755213266913789,3.0
2.0,2.0,4.0,1.0,5.0,1.0,3.0,0.9897542913732011,3.0
1.0,2.0,4.0,1.0,5.0,1.0,1.0,0.9807196317199766,1.0
1.0,1.0,5.0,2.0,5.0,1.0,1.0,0.9818798065862411,1.0
3.0,4.0,3.0,2.0,2.0,1.0,1.0,0.9680874060120479,1.0
1.0,1.0,5.0,3.0,5.0,2.0,1.0,0.9873136306424117,1.0
1.0,1.0,5.0,3.0,5.0,2.0,1.0,0.9846424227030688,1.0
2.0,2.0,4.0,4.0,3.0,4.0,5.0,0.9749077381804984,5.0
1.0,2.0,5.0,3.0,5.0,2.0,4.0,0.9792272066422872,4.0
2.0,3.0,4.0,2.0,4.0,1.0,1.0,0.9696950117102606,1.0
3.0,4.0,2.0,1.0,3.0,1.0,1.0,0.9797089826990939,1.0
4.0,5.0,1.0,1.0,3.0,1.0,4.0,0.965079732470704,4.0
1.0,2.0,4.0,2.0,4.0,2.0,3.0,0.981880248359731,3.0
1.0,1.0,5.0,4.0,5.0,4.0,3.0,0.9762489293138926,3.0
2.0,3.0,4.0,2.0,4.0,1.0,3.0,0.9762159297151867,3.0
2.0,3.0,4.0,1.0,5.0,1.0,3.0,0.9760489213378776,3.0
1.0,2.0,5.0,1.0,5.0,1.0,3.0,0.9791085927379484,3.0
3.0,3.0,3.0,2.0,4.0,2.0,1.0,0.9749276276099222,1.0
2.0,2.0,4.0,2.0,5.0,1.0,1.0,0.9781455166076805,1.0
1.0,2.0,4.0,2.0,5.0,2.0,3.0,0.9796207925101827,3.0
1.0,1.0,5.0,2.0,5.0,2.0,1.0,0.9835352667316755,1.0
2.0,2.0,4.0,2.0,4.0,1.0,2.0,0.9848971014137955,2.0
1.0,1.0,5.0,5.0,2.0,5.0,5.0,0.973003616802823,5.0
1.0,1.0,5.0,2.0,5.0,1.0,6.0,0.9820331480293721,6.0
1.0,1.0,5.0,3.0,5.0,3.0,3.0,0.9872355107397925,3.0
3.0,3.0,3.0,1.0,5.0,1.0,1.0,0.9735224578488022,1.0
1.0,1.0,5.0,3.0,5.0,2.0,4.0,0.9678244953721385,4.0
1.0,1.0,5.0,1.0,5.0,1.0,6.0,0.9821180637093742,6.0
1.0,1.0,5.0,3.0,5.0,2.0,2.0,0.9887231451876723,2.0
1.0,1.0,5.0,2.0,5.0,2.0,1.0,0.9796243531391001,1.0
2.0,3.0,4.0,1.0,5.0,1.0,3.0,0.9749662136190738,3.0
1.0,1.0,5.0,3.0,4.0,3.0,1.0,0.9772177853448514,1.0
1.0,1.0,5.0,3.0,5.0,2.0,3.0,0.9887199475183611,3.0
1.0,1.0,5.0,5.0,5.0,5.0,5.0,0.976386329038294,5.0
1.0,1.0,5.0,4.0,4.0,3.0,5.0,0.9757143204368111,5.0
1.0,2.0,4.0,3.0,4.0,2.0,3.0,0.9794193817182268,3.0
1.0,1.0,5.0,4.0,5.0,3.0,5.0,0.9713392625855038,5.0
1.0,1.0,5.0,2.0,5.0,2.0,3.0,0.9863024406524593,3.0
1.0,2.0,4.0,2.0,5.0,2.0,3.0,0.9798969256794832,3.0
1.0,1.0,5.0,2.0,5.0,2.0,3.0,0.9905457050667819,3.0
1.0,1.0,5.0,4.0,4.0,3.0,2.0,0.9849848743271366,2.0
1.0,1.0,5.0,2.0,5.0,2.0,3.0,0.9848315895299463,3.0
2.0,2.0,4.0,3.0,3.0,3.0,5.0,0.9826993356218111,5.0
1.0,2.0,4.0,2.0,5.0,1.0,1.0,0.9815070974178514,1.0
4.0,5.0,2.0,1.0,3.0,1.0,4.0,0.9622631160861482,4.0
2.0,3.0,3.0,1.0,5.0,1.0,1.0,0.9760422077765025,1.0
1.0,1.0,5.0,4.0,4.0,3.0,1.0,0.975874571021329,1.0
2.0,3.0,3.0,1.0,5.0,1.0,3.0,0.9799843755796911,3.0
1.0,2.0,4.0,2.0,5.0,2.0,1.0,0.9831779554072211,1.0
1.0,1.0,5.0,4.0,5.0,4.0,1.0,0.968077123979964,1.0
3.0,3.0,3.0,1.0,5.0,1.0,6.0,0.9787017079761349,6.0
2.0,3.0,4.0,3.0,3.0,3.0,1.0,0.970685184925033,1.0
1.0,1.0,5.0,3.0,5.0,2.0,2.0,0.9769884170237112,2.0
1.0,1.0,5.0,1.0,5.0,1.0,1.0,0.9819179843106485,1.0
1.0,2.0,5.0,2.0,5.0,1.0,3.0,0.9780809218707577,3.0
1.0,1.0,5.0,2.0,5.0,2.0,2.0,0.9773895206180138,2.0
2.0,3.0,3.0,1.0,4.0,1.0,3.0,0.9875985963221148,3.0
1.0,2.0,4.0,3.0,3.0,2.0,3.0,0.9805230581747961,3.0
3.0,4.0,3.0,2.0,3.0,1.0,1.0,0.9741196347310983,1.0
2.0,2.0,4.0,2.0,5.0,1.0,3.0,0.9770171906608252,3.0
1.0,2.0,4.0,3.0,4.0,2.0,1.0,0.9801134071325563,1.0
3.0,3.0,3.0,1.0,4.0,1.0,1.0,0.969725877871581,1.0
1.0,1.0,5.0,4.0,4.0,4.0,1.0,0.9676825924156021,1.0
1.0,1.0,5.0,3.0,5.0,3.0,3.0,0.9769595578708712,3.0
1.0,1.0,5.0,3.0,5.0,2.0,2.0,0.9887728278152468,2.0
1.0,1.0,5.0,5.0,3.0,5.0,5.0,0.9790041741554274,5.0
2.0,2.0,4.0,2.0,5.0,1.0,1.0,0.9826256593656305,1.0
1.0,1.0,5.0,3.0,5.0,2.0,5.0,0.9830051796922619,5.0
1.0,1.0,5.0,3.0,5.0,2.0,4.0,0.9850841296946448,4.0
1.0,1.0,5.0,3.0,4.0,3.0,4.0,0.9734325332202118,4.0
3.0,4.0,2.0,1.0,4.0,1.0,2.0,0.9794186972510545,2.0
1.0,1.0,5.0,3.0,4.0,2.0,4.0,0.9783738245078714,4.0
3.0,3.0,3.0,2.0,4.0,1.0,1.0,0.971549197329424,1.0
1.0,2.0,4.0,2.0,4.0,2.0,1.0,0.9843524796342858,1.0
3.0,3.0,3.0,1.0,4.0,1.0,3.0,0.984624052419374,3.0
1.0,1.0,5.0,3.0,5.0,3.0,1.0,0.982629671600226,1.0
1.0,1.0,5.0,3.0,5.0,2.0,3.0,0.9800433793430022,3.0
1.0,1.0,5.0,3.0,4.0,3.0,1.0,0.9861918227769111,1.0
2.0,2.0,4.0,1.0,5.0,1.0,1.0,0.9826457731235129,1.0
2.0,3.0,3.0,1.0,4.0,1.0,3.0,0.9725000660221428,3.0
1.0,1.0,5.0,2.0,5.0,1.0,1.0,0.9840897634646458,1.0
2.0,2.0,4.0,3.0,4.0,2.0,3.0,0.9826244035865622,3.0
3.0,3.0,3.0,3.0,3.0,2.0,2.0,0.976611849321798,2.0
2.0,3.0,4.0,3.0,3.0,2.0,1.0,0.9723737881258463,1.0
1.0,2.0,4.0,3.0,4.0,2.0,3.0,0.9831175304100885,3.0
2.0,3.0,3.0,2.0,4.0,1.0,1.0,0.9765726392467818,1.0
2.0,2.0,4.0,2.0,4.0,2.0,1.0,0.9829394186767344,1.0
1.0,1.0,5.0,3.0,5.0,3.0,5.0,0.9767480566233498,5.0
1.0,2.0,4.0,2.0,5.0,2.0,1.0,0.9833557071300006,1.0
1.0,1.0,5.0,4.0,5.0,3.0,5.0,0.9810383081872744,5.0
1.0,1.0,5.0,3.0,5.0,2.0,2.0,0.981501989947745,2.0
1.0,1.0,5.0,3.0,5.0,2.0,5.0,0.978722216266665,5.0
3.0,4.0,2.0,2.0,2.0,1.0,5.0,0.9789945109270121,5.0
1.0,1.0,5.0,4.0,4.0,3.0,3.0,0.9849917520564677,3.0
1.0,1.0,5.0,3.0,5.0,3.0,4.0,0.9876631804545685,4.0
2.0,2.0,4.0,2.0,4.0,2.0,1.0,0.9780699863102508,1.0
1.0,1.0,5.0,4.0,5.0,3.0,3.0,0.9830197194827788,3.0
1.0,1.0,5.0,4.0,5.0,3.0,5.0,0.9787831515146388,5.0
2.0,3.0,4.0,2.0,3.0,2.0,3.0,0.9748969430989399,3.0
1.0,2.0,4.0,2.0,5.0,2.0,4.0,0.9877099174352053,4.0
3.0,4.0,3.0,2.0,3.0,1.0,3.0,0.9712313433773234,3.0
1.0,1.0,5.0,4.0,4.0,4.0,1.0,0.9855512542195825,1.0
1.0,1.0,5.0,5.0,3.0,5.0,3.0,0.9702168795732254,3.0
2.0,2.0,4.0,2.0,5.0,2.0,1.0,0.982912368027718,1.0
1.0,1.0,5.0,3.0,5.0,3.0,1.0,0.9755658798091232,1.0
4.0,4.0,2.0,1.0,4.0,1.0,1.0,0.9558148058134677,1.0
1.0,1.0,5.0,3.0,5.0,2.0,3.0,0.9781182403783896,3.0
3.0,4.0,2.0,1.0,3.0,1.0,1.0,0.9751704216532585,1.0
3.0,3.0,3.0,1.0,4.0,1.0,3.0,0.9803995922679968,3.0
1.0,1.0,5.0,2.0,5.0,2.0,3.0,0.9889552476186265,3.0
2.0,2.0,4.0,1.0,5.0,1.0,1.0,0.9772463791132701,1.0
1.0,1.0,5.0,3.0,4.0,3.0,1.0,0.9780074737216964,1.0
1.0,1.0,5.0,2.0,5.0,1.0,1.0,0.9829758912217418,1.0
1.0,1.0,5.0,3.0,5.0,2.0,3.0,0.9834606546976874,3.0
1.0,1.0,5.0,1.0,5.0,1.0,3.0,0.9812353671150204,3.0
5.0,5.0,1.0,1.0,1.0,1.0,3.0,0.8406677060163926,3.0
2.0,2.0,4.0,2.0,5.0,1.0,3.0,0.9831617410508166,3.0
2.0,2.0,4.0,2.0,5.0,2.0,2.0,0.98625510946249,2.0
1.0,2.0,5.0,3.0,4.0,3.0,1.0,0.9796153113372834,1.0
1.0,2.0,5.0,3.0,4.0,2.0,3.0,0.9788030433203718,3.0
1.0,1.0,5.0,3.0,4.0,3.0,3.0,0.9823129322830224,3.0
1.0,1.0,5.0,4.0,4.0,3.0,1.0,0.9763536096896706,1.0
1.0,2.0,4.0,3.0,4.0,2.0,1.0,0.9769965452492844,1.0
2.0,2.0,4.0,1.0,5.0,1.0,3.0,0.9915224746763941,3.0
1.0,1.0,5.0,3.0,5.0,2.0,5.0,0.9882134382307048,5.0
3.0,3.0,3.0,2.0,4.0,2.0,5.0,0.981070655249939,5.0
2.0,2.0,4.0,3.0,3.0,2.0,3.0,0.9814940852854934,3.0
1.0,1.0,5.0,2.0,5.0,2.0,3.0,0.9782731919495814,3.0
2.0,2.0,4.0,4.0,5.0,3.0,5.0,0.9788568174930448,5.0
1.0,1.0,5.0,4.0,4.0,4.0,4.0,0.9635315701401673,4.0
1.0,1.0,5.0,4.0,3.0,4.0,5.0,0.9841065082111652,5.0
2.0,2.0,4.0,1.0,5.0,1.0,1.0,0.9877603027534354,1.0
1.0,1.0,5.0,3.0,5.0,2.0,1.0,0.9848362209506569,1.0
1.0,1.0,5.0,2.0,5.0,2.0,1.0,0.9802311547286102,1.0
1.0,1.0,5.0,3.0,5.0,3.0,5.0,0.9823263916784635,5.0
2.0,2.0,4.0,1.0,5.0,1.0,3.0,0.9804517774668627,3.0
1.0,1.0,5.0,4.0,5.0,3.0,1.0,0.9753730842442554,1.0
1.0,1.0,5.0,3.0,5.0,2.0,2.0,0.982138663619625,2.0
3.0,3.0,3.0,2.0,4.0,1.0,1.0,0.9685007517148138,1.0
2.0,2.0,4.0,3.0,3.0,3.0,4.0,0.9810340299957551,4.0
2.0,2.0,4.0,3.0,4.0,2.0,6.0,0.9793456024399467,6.0
2.0,2.0,4.0,2.0,5.0,2.0,3.0,0.9845471218462382,3.0
1.0,1.0,5.0,4.0,4.0,4.0,3.0,0.9834050873815201,3.0
1.0,1.0,5.0,2.0,5.0,2.0,1.0,0.9895251571354111,1.0
1.0,1.0,5.0,3.0,5.0,2.0,4.0,0.9784421189050766,4.0
3.0,4.0,2.0,1.0,4.0,1.0,3.0,0.9819701852118687,3.0
1.0,1.0,5.0,3.0,5.0,2.0,1.0,0.9858219224774454,1.0
4.0,5.0,1.0,1.0,2.0,1.0,3.0,0.9695965248969338,3.0
2.0,3.0,4.0,2.0,4.0,2.0,1.0,0.9776715595492315,1.0
1.0,2.0,4.0,3.0,4.0,2.0,3.0,0.9795790404158554,3.0
1.0,1.0,5.0,5.0,5.0,5.0,5.0,0.9730999167292086,5.0
2.0,2.0,4.0,3.0,4.0,2.0,1.0,0.980611104636886,1.0
1.0,1.0,5.0,2.0,5.0,2.0,3.0,0.9798119275754053,3.0
3.0,4.0,3.0,1.0,3.0,1.0,3.0,0.9709749428992699,3.0
2.0,3.0,3.0,1.0,5.0,1.0,4.0,0.9838259791797768,4.0
2.0,2.0,4.0,2.0,4.0,2.0,1.0,0.9881344789661989,1.0
2.0,2.0,4.0,4.0,4.0,3.0,1.0,0.9757880997150911,1.0
2.0,3.0,3.0,1.0,5.0,1.0,1.0,0.9780095583061688,1.0
2.0,2.0,4.0,1.0,5.0,1.0,2.0,0.9791628211485005,2.0
2.0,2.0,4.0,2.0,5.0,1.0,1.0,0.9855649081475665,1.0
1.0,1.0,5.0,2.0,5.0,1.0,4.0,0.9836141848557765,4.0
1.0,2.0,4.0,1.0,5.0,1.0,1.0,0.9781708561435462,1.0
1.0,1.0,5.0,3.0,5.0,2.0,4.0,0.9876147932367212,4.0
1.0,1.0,5.0,3.0,5.0,3.0,3.0,0.9752007349064492,3.0
1.0,1.0,5.0,4.0,4.0,4.0,4.0,0.9833708748405752,4.0
1.0,2.0,4.0,3.0,5.0,2.0,1.0,0.9766339013390941,1.0
1.0,2.0,4.0,3.0,4.0,2.0,2.0,0.9794550208611248,2.0
2.0,2.0,4.0,2.0,5.0,2.0,1.0,0.9843684983716905,1.0
1.0,1.0,5.0,3.0,5.0,2.0,2.0,0.980938306802795,2.0
2.0,3.0,3.0,2.0,5.0,2.0,5.0,0.9824284737453752,5.0
1.0,1.0,5.0,2.0,5.0,1.0,5.0,0.9830051919158092,5.0
2.0,2.0,4.0,2.0,4.0,2.0,1.0,0.9855010602285429,1.0
1.0,2.0,4.0,3.0,4.0,3.0,2.0,0.9789401858731955,2.0
1.0,2.0,4.0,2.0,4.0,2.0,3.0,0.9862751174023625,3.0
1.0,1.0,5.0,2.0,5.0,2.0,3.0,0.9829856870376898,3.0
1.0,1.0,5.0,4.0,4.0,4.0,2.0,0.9786071687341322,2.0
1.0,2.0,4.0,3.0,5.0,2.0,3.0,0.9794167765947202,3.0
1.0,1.0,5.0,3.0,5.0,3.0,1.0,0.9868481241535121,1.0
1.0,2.0,4.0,2.0,5.0,2.0,6.0,0.9866352603200684,6.0
1.0,1.0,5.0,4.0,4.0,3.0,1.0,0.9844609164017238,1.0
1.0,1.0,5.0,4.0,5.0,4.0,5.0,0.9826910483125044,5.0
4.0,5.0,2.0,1.0,4.0,1.0,5.0,0.9550863917524823,5.0
1.0,1.0,5.0,2.0,5.0,2.0,1.0,0.9867759590288481,1.0
2.0,2.0,4.0,1.0,5.0,1.0,3.0,0.9888007156268085,3.0
1.0,1.0,5.0,4.0,4.0,3.0,3.0,0.9831368217680158,3.0
1.0,1.0,5.0,3.0,5.0,2.0,2.0,0.9876749030824284,2.0
3.0,4.0,2.0,1.0,3.0,1.0,1.0,0.9579971958278047,1.0
3.0,4.0,3.0,2.0,2.0,1.0,1.0,0.9728923866223845,1.0
3.0,3.0,3.0,1.0,4.0,1.0,3.0,0.9762772646287979,3.0
1.0,1.0,5.0,3.0,5.0,2.0,4.0,0.983836759693215,4.0
2.0,2.0,4.0,3.0,4.0,2.0,4.0,0.9772472697458123,4.0
2.0,3.0,4.0,2.0,4.0,1.0,1.0,0.9715814472448637,1.0
1.0,1.0,5.0,3.0,4.0,3.0,1.0,0.9853055677484275,1.0
1.0,2.0,4.0,3.0,4.0,3.0,3.0,0.9786804214765854,3.0
1.0,2.0,4.0,2.0,5.0,2.0,2.0,0.985073390513767,2.0
1.0,1.0,5.0,4.0,4.0,4.0,5.0,0.9623986205448836,5.0
2.0,2.0,4.0,1.0,5.0,1.0,1.0,0.9809582978744406,1.0
2.0,3.0,3.0,1.0,5.0,1.0,3.0,0.989500057441361,3.0
1.0,1.0,5.0,2.0,5.0,1.0,3.0,0.9848135350762244,3.0
1.0,1.0,5.0,3.0,5.0,3.0,3.0,0.9851368336481695,3.0
3.0,4.0,3.0,4.0,1.0,3.0,3.0,0.9719972553012579,3.0
2.0,2.0,4.0,1.0,5.0,1.0,1.0,0.9831642639737403,1.0
5.0,5.0,1.0,1.0,4.0,1.0,5.0,0.929605029828538,5.0
1.0,1.0,5.0,3.0,5.0,2.0,3.0,0.9844708901252938,3.0
2.0,3.0,4.0,1.0,5.0,1.0,3.0,0.9764711868373235,3.0
3.0,4.0,2.0,1.0,3.0,1.0,3.0,0.9668489786494878,3.0
3.0,4.0,3.0,2.0,4.0,1.0,6.0,0.9728349075131528,6.0
2.0,3.0,3.0,1.0,4.0,1.0,4.0,0.9824875853488955,4.0
2.0,2.0,4.0,1.0,5.0,1.0,1.0,0.9839500407039552,1.0
3.0,4.0,3.0,2.0,3.0,1.0,3.0,0.9710195417273012,3.0
1.0,2.0,4.0,2.0,4.0,2.0,3.0,0.980554097095053,3.0
1.0,1.0,5.0,5.0,2.0,4.0,4.0,0.9651949714557024,4.0
2.0,3.0,3.0,3.0,2.0,3.0,4.0,0.9753764626239398,4.0
1.0,1.0,5.0,5.0,4.0,4.0,3.0,0.9619170341925816,3.0
1.0,1.0,5.0,4.0,5.0,3.0,4.0,0.9761144792342623,4.0
1.0,1.0,5.0,4.0,5.0,4.0,6.0,0.9636947598997528,6.0
3.0,3.0,3.0,2.0,2.0,2.0,1.0,0.9730900480218998,1.0
2.0,3.0,4.0,1.0,5.0,1.0,1.0,0.9780330020079829,1.0
1.0,1.0,5.0,2.0,5.0,1.0,2.0,0.9815056534650013,2.0
1.0,1.0,5.0,4.0,4.0,3.0,5.0,0.9787380203500513,5.0
1.0,2.0,5.0,2.0,5.0,2.0,3.0,0.9794929017880061,3.0
1.0,1.0,5.0,3.0,5.0,2.0,1.0,0.9802634666816004,1.0
3.0,4.0,2.0,1.0,3.0,1.0,1.0,0.974600126001198,1.0
1.0,2.0,5.0,3.0,4.0,2.0,2.0,0.9782393900469543,2.0
1.0,2.0,4.0,2.0,5.0,2.0,1.0,0.9850744823758658,1.0
3.0,4.0,3.0,1.0,4.0,1.0,1.0,0.9665976153735534,1.0
2.0,2.0,4.0,1.0,5.0,1.0,3.0,0.9845927957723613,3.0
1.0,1.0,5.0,5.0,4.0,5.0,5.0,0.9605780529830276,5.0
2.0,3.0,3.0,1.0,4.0,1.0,4.0,0.991903454800656,4.0
4.0,4.0,2.0,1.0,3.0,1.0,3.0,0.9723256631763054,3.0
1.0,1.0,5.0,3.0,5.0,2.0,1.0,0.9862633476508837,1.0
1.0,2.0,4.0,2.0,5.0,2.0,3.0,0.9849174607380997,3.0
1.0,1.0,5.0,3.0,5.0,2.0,4.0,0.9879846527975532,4.0
1.0,1.0,5.0,5.0,3.0,4.0,1.0,0.9648398305229646,1.0
3.0,4.0,3.0,1.0,5.0,1.0,5.0,0.9666834939011136,5.0
1.0,1.0,5.0,2.0,5.0,1.0,1.0,0.9848865256031547,1.0
3.0,3.0,3.0,2.0,3.0,2.0,1.0,0.9810424116063925,1.0
3.0,4.0,2.0,1.0,4.0,1.0,1.0,0.9775361370499055,1.0
1.0,1.0,5.0,2.0,5.0,2.0,1.0,0.9874678356202553,1.0
3.0,4.0,2.0,1.0,5.0,1.0,4.0,0.9588209987793195,4.0
3.0,4.0,3.0,2.0,3.0,2.0,1.0,0.9697320968108913,1.0
1.0,1.0,5.0,4.0,5.0,4.0,5.0,0.9845323788999774,5.0
1.0,2.0,4.0,3.0,4.0,2.0,1.0,0.9866008996147385,1.0
1.0,1.0,5.0,2.0,5.0,1.0,3.0,0.9785046559407257,3.0
1.0,1.0,5.0,1.0,5.0,1.0,1.0,0.9839367952092439,1.0
1.0,1.0,5.0,4.0,5.0,3.0,4.0,0.9829140525503268,4.0
1.0,2.0,4.0,3.0,4.0,2.0,1.0,0.9808111840356117,1.0
2.0,3.0,4.0,2.0,4.0,1.0,6.0,0.9717892588052651,6.0
2.0,2.0,4.0,2.0,5.0,1.0,1.0,0.9762675181637255,1.0
3.0,4.0,3.0,1.0,5.0,1.0,1.0,0.9759215356788956,1.0
1.0,1.0,5.0,3.0,5.0,2.0,1.0,0.9825655661973018,1.0
5.0,5.0,1.0,1.0,2.0,1.0,1.0,0.9595308088219725,1.0
1.0,1.0,5.0,3.0,5.0,2.0,3.0,0.9858650645977954,3.0
1.0,1.0,5.0,3.0,5.0,3.0,4.0,0.9814854672043329,4.0
2.0,2.0,4.0,1.0,5.0,1.0,3.0,0.9867230419653151,3.0
1.0,1.0,5.0,2.0,5.0,2.0,5.0,0.9773781336831971,5.0
3.0,4.0,3.0,2.0,3.0,1.0,1.0,0.9707861095635628,1.0
1.0,1.0,5.0,4.0,4.0,4.0,3.0,0.9774020765658257,3.0
1.0,1.0,5.0,3.0,4.0,3.0,4.0,0.9738195618071216,4.0
1.0,1.0,5.0,3.0,5.0,2.0,3.0,0.9847940145664927,3.0
1.0,1.0,5.0,4.0,4.0,4.0,3.0,0.9676088131373219,3.0
1.0,1.0,5.0,1.0,5.0,1.0,1.0,0.9766058762744846,1.0
1.0,1.0,5.0,2.0,5.0,2.0,3.0,0.9783525984609507,3.0
1.0,1.0,5.0,3.0,5.0,3.0,1.0,0.9733706336562311,1.0
2.0,2.0,4.0,2.0,5.0,2.0,1.0,0.9777235988512072,1.0
2.0,3.0,3.0,1.0,5.0,1.0,3.0,0.9838489942397413,3.0
1.0,1.0,5.0,2.0,5.0,1.0,1.0,0.9788873077907884,1.0
2.0,2.0,4.0,3.0,4.0,2.0,1.0,0.9780512729368939,1.0
1.0,2.0,4.0,3.0,4.0,2.0,3.0,0.9819278771797487,3.0
1.0,1.0,5.0,3.0,5.0,3.0,1.0,0.9858888200852841,1.0
1.0,1.0,5.0,2.0,5.0,2.0,5.0,0.9864790899949464,5.0
1.0,1.0,5.0,3.0,4.0,3.0,3.0,0.984353346866419,3.0
3.0,4.0,2.0,1.0,4.0,1.0,4.0,0.9540953734806698,4.0
2.0,3.0,3.0,1.0,4.0,1.0,2.0,0.9857291379790145,2.0
1.0,2.0,4.0,2.0,5.0,1.0,1.0,0.9802103328148613,1.0
1.0,1.0,5.0,4.0,5.0,3.0,5.0,0.9702698396239858,5.0
1.0,1.0,5.0,3.0,5.0,3.0,5.0,0.9857465038861453,5.0
2.0,2.0,4.0,1.0,5.0,1.0,1.0,0.9776844292832396,1.0
1.0,1.0,5.0,3.0,5.0,3.0,1.0,0.9850368550272481,1.0
1.0,1.0,5.0,5.0,4.0,4.0,5.0,0.9620324664595963,5.0
1.0,2.0,4.0,3.0,4.0,2.0,3.0,0.984496441649208,3.0
3.0,4.0,2.0,2.0,2.0,1.0,1.0,0.985267200944835,1.0
4.0,5.0,2.0,1.0,2.0,1.0,4.0,0.958713780162307,4.0
1.0,2.0,4.0,2.0,5.0,1.0,3.0,0.9779863252484022,3.0
2.0,3.0,4.0,1.0,5.0,1.0,2.0,0.9713888182642176,2.0
1.0,1.0,5.0,2.0,5.0,2.0,3.0,0.982740589774251,3.0
1.0,1.0,5.0,3.0,5.0,3.0,1.0,0.9862504537277343,1.0
1.0,2.0,4.0,1.0,5.0,1.0,1.0,0.9844146920679367,1.0
1.0,1.0,5.0,2.0,5.0,2.0,3.0,0.985685508424243,3.0
1.0,1.0,5.0,4.0,4.0,3.0,4.0,0.9798941041258126,4.0
1.0,2.0,4.0,1.0,5.0,1.0,5.0,0.9855647724844051,5.0
1.0,1.0,5.0,2.0,5.0,1.0,1.0,0.9833548824480163,1.0
1.0,1.0,5.0,2.0,5.0,2.0,1.0,0.9786558437996441,1.0
3.0,4.0,3.0,3.0,2.0,2.0,1.0,0.976481474794291,1.0
1.0,1.0,5.0,3.0,4.0,3.0,3.0,0.9746924081840619,3.0
1.0,2.0,5.0,2.0,5.0,2.0,3.0,0.9776956639094656,3.0
2.0,3.0,3.0,1.0,4.0,1.0,3.0,0.9888039821728571,3.0
1.0,1.0,5.0,3.0,5.0,2.0,1.0,0.9669657307047261,1.0
3.0,4.0,3.0,2.0,3.0,2.0,5.0,0.9777464973970024,5.0
1.0,1.0,5.0,2.0,5.0,2.0,4.0,0.9772821736777688,4.0
3.0,4.0,2.0,2.0,4.0,1.0,2.0,0.9773813848301324,2.0
4.0,5.0,1.0,1.0,2.0,1.0,4.0,0.9808054085654677,4.0
3.0,3.0,3.0,2.0,4.0,1.0,1.0,0.9775951088349482,1.0
1.0,1.0,5.0,4.0,5.0,4.0,5.0,0.9825101867194074,5.0
2.0,2.0,4.0,2.0,4.0,1.0,4.0,0.9857319378961341,4.0
1.0,1.0,5.0,4.0,4.0,4.0,5.0,0.9786864644934914,5.0
1.0,1.0,5.0,4.0,4.0,3.0,2.0,0.9759806832999758,2.0
1.0,1.0,5.0,4.0,4.0,4.0,5.0,0.9596725387372478,5.0
2.0,3.0,3.0,2.0,4.0,1.0,1.0,0.97928502799971,1.0
1.0,1.0,5.0,3.0,5.0,3.0,3.0,0.9762486507572744,3.0
1.0,2.0,4.0,1.0,5.0,1.0,3.0,0.9889387136965938,3.0
2.0,2.0,4.0,3.0,4.0,2.0,3.0,0.9871599534564227,3.0
2.0,2.0,4.0,3.0,4.0,2.0,1.0,0.9806830081708031,1.0
1.0,1.0,5.0,4.0,5.0,3.0,3.0,0.9793223000286877,3.0
1.0,1.0,5.0,3.0,5.0,3.0,1.0,0.9816970783958536,1.0
1.0,1.0,5.0,3.0,5.0,2.0,1.0,0.9801427713958312,1.0
1.0,1.0,5.0,3.0,5.0,2.0,4.0,0.9837620534329656,4.0
5.0,5.0,1.0,1.0,2.0,1.0,1.0,0.9482499165090132,1.0
1.0,2.0,5.0,2.0,5.0,1.0,2.0,0.9754909599974216,2.0
3.0,3.0,3.0,3.0,3.0,2.0,5.0,0.9682092505179959,5.0
2.0,3.0,3.0,1.0,4.0,1.0,3.0,0.9789045145945912,3.0
2.0,3.0,4.0,2.0,3.0,2.0,3.0,0.9754046106095097,3.0
2.0,2.0,4.0,2.0,4.0,1.0,1.0,0.9818908471701465,1.0
1.0,1.0,5.0,2.0,5.0,2.0,1.0,0.985294680688202,1.0
1.0,2.0,4.0,3.0,4.0,2.0,3.0,0.9875399626124732,3.0
2.0,3.0,3.0,2.0,4.0,1.0,1.0,0.9802659798976319,1.0
2.0,2.0,4.0,2.0,4.0,2.0,4.0,0.9832279015589611,4.0
1.0,2.0,4.0,2.0,5.0,1.0,3.0,0.9822177711269019,3.0
1.0,1.0,5.0,3.0,4.0,3.0,3.0,0.9826060864707347,3.0
1.0,1.0,5.0,1.0,5.0,1.0,3.0,0.9845768125233809,3.0
1.0,1.0,5.0,2.0,5.0,1.0,3.0,0.9867750788167567,3.0
1.0,2.0,4.0,2.0,4.0,2.0,1.0,0.9772309033318454,1.0
2.0,3.0,4.0,2.0,4.0,1.0,1.0,0.9706562587910217,1.0
1.0,1.0,5.0,2.0,5.0,2.0,5.0,0.9838431341388825,5.0
1.0,1.0,5.0,2.0,5.0,1.0,3.0,0.9818528363937,3.0
2.0,2.0,4.0,2.0,5.0,1.0,3.0,0.9763544276525468,3.0
1.0,2.0,4.0,3.0,4.0,3.0,1.0,0.9833169774010901,1.0
3.0,3.0,3.0,1.0,5.0,1.0,3.0,0.972651153966409,3.0
2.0,2.0,4.0,3.0,4.0,2.0,1.0,0.9766876000585246,1.0
1.0,1.0,5.0,5.0,4.0,4.0,4.0,0.9586361406753495,4.0
3.0,3.0,4.0,2.0,4.0,1.0,1.0,0.9718281641658881,1.0
4.0,5.0,2.0,2.0,1.0,1.0,1.0,0.9520203487069362,1.0
1.0,1.0,5.0,3.0,5.0,2.0,4.0,0.9828938855267207,4.0
1.0,1.0,5.0,2.0,5.0,1.0,3.0,0.9840811763438305,3.0
2.0,3.0,4.0,2.0,3.0,2.0,4.0,0.9784695938976223,4.0
1.0,2.0,4.0,3.0,4.0,3.0,5.0,0.9828271202931985,5.0
1.0,2.0,4.0,3.0,4.0,3.0,1.0,0.9840152004381238,1.0
2.0,2.0,4.0,1.0,5.0,1.0,3.0,0.9851226593382779,3.0
1.0,1.0,5.0,3.0,5.0,2.0,3.0,0.9835377509467527,3.0
1.0,2.0,4.0,3.0,4.0,2.0,1.0,0.9796834206516736,1.0
1.0,1.0,5.0,5.0,3.0,4.0,1.0,0.9573535928450014,1.0
1.0,1.0,5.0,4.0,4.0,3.0,5.0,0.9802116803988478,5.0
1.0,2.0,4.0,2.0,5.0,2.0,1.0,0.982124969258582,1.0
1.0,2.0,4.0,2.0,4.0,2.0,1.0,0.9865152126808331,1.0
3.0,4.0,2.0,2.0,2.0,1.0,1.0,0.972704726304843,1.0
2.0,2.0,4.0,1.0,5.0,1.0,3.0,0.9810645206254598,3.0
1.0,1.0,5.0,4.0,4.0,3.0,3.0,0.973684241847645,3.0
2.0,2.0,4.0,2.0,5.0,1.0,3.0,0.9790148584074759,3.0
1.0,1.0,5.0,2.0,5.0,1.0,1.0,0.9811339538068515,1.0
1.0,2.0,4.0,3.0,4.0,3.0,5.0,0.9853897782865491,5.0
1.0,1.0,5.0,4.0,5.0,3.0,5.0,0.9705810825089708,5.0
1.0,2.0,5.0,3.0,4.0,3.0,1.0,0.9715486606315864,1.0
1.0,1.0,5.0,4.0,4.0,4.0,3.0,0.9752168322738621,3.0
2.0,3.0,3.0,2.0,2.0,2.0,3.0,0.9782919493932118,3.0
2.0,2.0,4.0,3.0,4.0,2.0,1.0,0.9838070185208908,1.0
2.0,3.0,3.0,1.0,4.0,1.0,1.0,0.9813427560393126,1.0
1.0,2.0,4.0,3.0,4.0,2.0,4.0,0.9824608838356693,4.0
1.0,1.0,5.0,3.0,4.0,3.0,5.0,0.9850521443011997,5.0
2.0,2.0,4.0,2.0,5.0,1.0,3.0,0.9860176373628712,3.0
2.0,2.0,4.0,2.0,4.0,2.0,1.0,0.9790197382060762,1.0
1.0,1.0,5.0,1.0,5.0,1.0,3.0,0.977267388786521,3.0
2.0,3.0,3.0,1.0,5.0,1.0,1.0,0.9850818594425149,1.0
1.0,1.0,5.0,4.0,5.0,4.0,5.0,0.9729471815945687,5.0
2.0,2.0,4.0,2.0,5.0,1.0,3.0,0.9796613649646079,3.0
1.0,1.0,5.0,4.0,4.0,3.0,1.0,0.9713479316201004,1.0
3.0,3.0,3.0,2.0,2.0,2.0,3.0,0.9747684380114656,3.0
2.0,3.0,3.0,2.0,4.0,1.0,3.0,0.9795924752397559,3.0
1.0,1.0,5.0,3.0,5.0,3.0,1.0,0.9750638055679463,1.0
1.0,1.0,5.0,3.0,4.0,3.0,3.0,0.9839579600894193,3.0
1.0,1.0,5.0,3.0,5.0,2.0,5.0,0.9812882483519478,5.0
1.0,1.0,5.0,4.0,2.0,4.0,3.0,0.9657668321728047,3.0
1.0,1.0,5.0,3.0,5.0,2.0,3.0,0.9848190720455557,3.0
1.0,1.0,5.0,2.0,5.0,2.0,3.0,0.9851990653860915,3.0
1.0,1.0,5.0,4.0,5.0,3.0,1.0,0.9719171350570028,1.0
1.0,1.0,5.0,2.0,5.0,2.0,3.0,0.9806835234561035,3.0
1.0,1.0,5.0,3.0,5.0,2.0,4.0,0.9797281361336048,4.0
1.0,1.0,5.0,3.0,5.0,2.0,1.0,0.9779387941676576,1.0
1.0,1.0,5.0,4.0,5.0,4.0,5.0,0.9860742658953298,5.0
2.0,3.0,3.0,2.0,4.0,1.0,3.0,0.9782520556998346,3.0
3.0,3.0,4.0,2.0,4.0,2.0,1.0,0.9713176499216146,1.0
2.0,2.0,4.0,2.0,4.0,1.0,3.0,0.9790101666365517,3.0
3.0,4.0,3.0,1.0,5.0,1.0,3.0,0.9664201689726627,3.0
1.0,2.0,4.0,3.0,4.0,2.0,3.0,0.9824118192254162,3.0
1.0,1.0,5.0,3.0,5.0,2.0,3.0,0.9852790963749489,3.0
1.0,1.0,5.0,2.0,5.0,2.0,3.0,0.9765249982032168,3.0
2.0,2.0,4.0,2.0,5.0,2.0,1.0,0.984463702407443,1.0
1.0,2.0,4.0,3.0,4.0,2.0,3.0,0.9811975873744004,3.0
3.0,4.0,3.0,2.0,3.0,1.0,1.0,0.9704435526078322,1.0
3.0,4.0,2.0,1.0,4.0,1.0,1.0,0.9793456300606755,1.0
4.0,5.0,1.0,1.0,3.0,1.0,5.0,0.9516225474077308,5.0
1.0,2.0,4.0,2.0,5.0,1.0,2.0,0.9832003830944858,2.0
1.0,1.0,5.0,4.0,5.0,3.0,1.0,0.9765433994452802,1.0
1.0,1.0,5.0,3.0,5.0,3.0,6.0,0.9755952664708112,6.0
2.0,2.0,4.0,2.0,5.0,1.0,1.0,0.9838873527597128,1.0
1.0,1.0,5.0,4.0,4.0,3.0,1.0,0.9759052393099553,1.0
3.0,4.0,2.0,1.0,3.0,1.0,1.0,0.9744556700172858,1.0
3.0,3.0,3.0,1.0,4.0,1.0,2.0,0.9800925514604479,2.0
1.0,1.0,5.0,1.0,5.0,1.0,3.0,0.9808772002441009,3.0
1.0,1.0,5.0,4.0,5.0,3.0,4.0,0.9775764561312517,4.0
1.0,1.0,5.0,3.0,5.0,2.0,1.0,0.9826925329122144,1.0
2.0,2.0,4.0,2.0,5.0,2.0,5.0,0.9861938749107226,5.0
3.0,4.0,2.0,1.0,4.0,1.0,1.0,0.9763280933596045,1.0
1.0,1.0,5.0,3.0,5.0,2.0,1.0,0.9783738245078714,1.0
1.0,1.0,5.0,3.0,5.0,3.0,4.0,0.970700645324544,4.0
2.0,3.0,3.0,1.0,5.0,1.0,4.0,0.9869350361423606,4.0
2.0,2.0,4.0,2.0,5.0,1.0,3.0,0.9857937985355468,3.0
1.0,1.0,5.0,2.0,5.0,2.0,3.0,0.9802558537413276,3.0
1.0,1.0,5.0,3.0,5.0,2.0,5.0,0.9850824088569066,5.0
1.0,1.0,5.0,3.0,5.0,2.0,3.0,0.9873142440081842,3.0
1.0,1.0,5.0,4.0,5.0,3.0,3.0,0.9750665633834371,3.0
1.0,1.0,5.0,3.0,5.0,2.0,1.0,0.9887464530870282,1.0
1.0,1.0,5.0,3.0,5.0,2.0,4.0,0.986741037215341,4.0
1.0,1.0,5.0,2.0,5.0,2.0,1.0,0.9852195810894797,1.0
1.0,1.0,5.0,3.0,5.0,3.0,3.0,0.9831433948874658,3.0
1.0,1.0,5.0,2.0,5.0,1.0,1.0,0.9819491478394107,1.0
1.0,1.0,5.0,3.0,5.0,2.0,3.0,0.9823824325637285,3.0
4.0,4.0,3.0,1.0,4.0,1.0,2.0,0.9739668600223099,2.0
2.0,3.0,3.0,2.0,3.0,2.0,1.0,0.983980255323593,1.0
2.0,3.0,4.0,2.0,4.0,1.0,3.0,0.9726261985142792,3.0
1.0,1.0,5.0,4.0,4.0,4.0,3.0,0.9868827117158052,3.0
1.0,1.0,5.0,4.0,4.0,3.0,3.0,0.979548967163011,3.0
2.0,2.0,4.0,1.0,5.0,1.0,6.0,0.9805419848975768,6.0
1.0,1.0,5.0,3.0,5.0,2.0,3.0,0.9820088205085812,3.0
1.0,1.0,5.0,3.0,5.0,2.0,1.0,0.9885918849123522,1.0
2.0,3.0,3.0,2.0,4.0,2.0,4.0,0.975824348726723,4.0
2.0,2.0,4.0,3.0,3.0,2.0,3.0,0.9808006408891193,3.0
1.0,1.0,5.0,4.0,4.0,4.0,1.0,0.9627969035979719,1.0
1.0,2.0,5.0,3.0,5.0,2.0,1.0,0.9798743641043592,1.0
1.0,1.0,5.0,2.0,5.0,2.0,3.0,0.9813919295772163,3.0
2.0,2.0,5.0,3.0,4.0,2.0,3.0,0.9822959855753388,3.0
2.0,2.0,4.0,2.0,4.0,2.0,2.0,0.985252666588316,2.0
2.0,3.0,3.0,2.0,4.0,2.0,1.0,0.9788647366776264,1.0
2.0,2.0,4.0,4.0,3.0,3.0,5.0,0.9708577641194955,5.0
2.0,3.0,4.0,1.0,5.0,1.0,2.0,0.9743731440973801,2.0
2.0,3.0,3.0,1.0,4.0,1.0,3.0,0.9905958029822496,3.0
1.0,2.0,4.0,3.0,4.0,2.0,1.0,0.9859901142219991,1.0
1.0,2.0,5.0,3.0,5.0,2.0,1.0,0.9786142099846645,1.0
2.0,3.0,4.0,2.0,3.0,2.0,1.0,0.9771258616475144,1.0
1.0,1.0,5.0,3.0,4.0,3.0,1.0,0.9836089395088117,1.0
2.0,2.0,4.0,1.0,5.0,1.0,3.0,0.9896865442508815,3.0
2.0,2.0,4.0,1.0,5.0,1.0,4.0,0.9833761155477659,4.0
3.0,3.0,3.0,1.0,4.0,1.0,1.0,0.9733195538937607,1.0
1.0,1.0,5.0,5.0,5.0,5.0,5.0,0.9528870595613466,5.0
4.0,4.0,2.0,1.0,2.0,1.0,1.0,0.9551400735339228,1.0
1.0,1.0,5.0,2.0,5.0,2.0,3.0,0.9863729777162996,3.0
2.0,2.0,4.0,3.0,4.0,2.0,3.0,0.9798767965768107,3.0
1.0,1.0,5.0,3.0,5.0,3.0,1.0,0.9835463762000142,1.0
2.0,2.0,4.0,1.0,5.0,1.0,1.0,0.9807977669336577,1.0
2.0,2.0,4.0,1.0,5.0,1.0,1.0,0.9881210868453723,1.0
1.0,1.0,5.0,3.0,5.0,3.0,3.0,0.9817414555004125,3.0
1.0,1.0,5.0,3.0,5.0,2.0,3.0,0.9838086235277692,3.0
1.0,1.0,5.0,2.0,5.0,2.0,3.0,0.9874788762041609,3.0
1.0,2.0,4.0,1.0,5.0,1.0,1.0,0.9833291376154288,1.0
1.0,1.0,5.0,4.0,3.0,4.0,4.0,0.9809405837075179,4.0
1.0,2.0,4.0,2.0,5.0,2.0,3.0,0.9827484039397861,3.0
1.0,1.0,5.0,3.0,5.0,2.0,4.0,0.9786563171163513,4.0
1.0,1.0,5.0,4.0,5.0,4.0,5.0,0.9733754765574657,5.0
1.0,1.0,5.0,2.0,5.0,2.0,1.0,0.9895778138777387,1.0
1.0,2.0,4.0,2.0,4.0,2.0,3.0,0.9852003158823335,3.0
1.0,1.0,5.0,4.0,4.0,4.0,5.0,0.9817969434994495,5.0
3.0,4.0,2.0,1.0,4.0,1.0,3.0,0.975565168726898,3.0
3.0,3.0,3.0,1.0,5.0,1.0,3.0,0.9769924689736668,3.0
2.0,2.0,4.0,2.0,4.0,2.0,1.0,0.9816301491113241,1.0
1.0,1.0,5.0,2.0,5.0,2.0,5.0,0.9764614854304676,5.0
2.0,2.0,4.0,1.0,5.0,1.0,1.0,0.9827902054394678,1.0
4.0,5.0,2.0,1.0,3.0,1.0,1.0,0.9571002594531596,1.0
1.0,1.0,5.0,3.0,5.0,3.0,1.0,0.9819386010772129,1.0
2.0,2.0,4.0,3.0,4.0,2.0,1.0,0.9804760539806977,1.0
1.0,1.0,5.0,2.0,5.0,1.0,1.0,0.9816721629218,1.0
1.0,1.0,5.0,3.0,5.0,3.0,3.0,0.9839291986758525,3.0
1.0,2.0,4.0,3.0,4.0,2.0,5.0,0.9837788036953548,5.0
3.0,3.0,3.0,2.0,3.0,2.0,3.0,0.9809494950792039,3.0
2.0,2.0,4.0,3.0,4.0,2.0,4.0,0.9814039192543362,4.0
2.0,2.0,4.0,3.0,4.0,2.0,3.0,0.9822111145785698,3.0
3.0,4.0,2.0,1.0,3.0,1.0,1.0,0.9696860848351214,1.0
3.0,4.0,2.0,1.0,3.0,1.0,4.0,0.9895236661112651,4.0
2.0,2.0,4.0,2.0,5.0,1.0,1.0,0.9848515637541209,1.0
1.0,2.0,4.0,1.0,5.0,1.0,3.0,0.9850428713053146,3.0
3.0,4.0,3.0,2.0,3.0,1.0,3.0,0.9710419698701893,3.0
2.0,2.0,4.0,2.0,5.0,1.0,6.0,0.9843750203531998,6.0
2.0,3.0,3.0,2.0,4.0,1.0,4.0,0.978546547564834,4.0
1.0,1.0,5.0,3.0,5.0,3.0,5.0,0.9728954770104279,5.0
1.0,1.0,5.0,2.0,5.0,2.0,5.0,0.9887898653450946,5.0
2.0,2.0,4.0,3.0,3.0,3.0,1.0,0.9783200977822051,1.0
3.0,4.0,3.0,2.0,3.0,1.0,3.0,0.9697546430514331,3.0
2.0,3.0,3.0,1.0,5.0,1.0,4.0,0.9837874264977502,4.0
1.0,1.0,5.0,3.0,5.0,3.0,1.0,0.9860043971895094,1.0
1.0,2.0,5.0,2.0,5.0,1.0,1.0,0.9791522426547452,1.0
2.0,2.0,4.0,3.0,5.0,2.0,4.0,0.9799716423452969,4.0
1.0,1.0,5.0,4.0,3.0,3.0,1.0,0.9714742849692404,1.0
2.0,2.0,4.0,1.0,5.0,1.0,3.0,0.984643940471391,3.0
1.0,1.0,5.0,4.0,4.0,4.0,3.0,0.9707162962987785,3.0
2.0,3.0,3.0,2.0,3.0,1.0,4.0,0.9822936595540913,4.0
1.0,1.0,5.0,2.0,5.0,2.0,1.0,0.9773165623244247,1.0
1.0,1.0,5.0,4.0,5.0,3.0,3.0,0.9812965356612546,3.0
1.0,1.0,5.0,4.0,4.0,3.0,3.0,0.985590898223885,3.0
1.0,2.0,4.0,2.0,4.0,2.0,1.0,0.9769526679179926,1.0
2.0,2.0,5.0,2.0,5.0,2.0,3.0,0.9787233347766563,3.0
1.0,1.0,5.0,4.0,3.0,4.0,6.0,0.9661701172108609,6.0
3.0,4.0,3.0,1.0,5.0,1.0,1.0,0.9683416519180518,1.0
1.0,1.0,5.0,3.0,5.0,3.0,5.0,0.9845314416306882,5.0
1.0,2.0,4.0,2.0,5.0,2.0,2.0,0.9860791755112605,2.0
2.0,2.0,4.0,3.0,4.0,2.0,5.0,0.9825275375194054,5.0
3.0,4.0,3.0,1.0,4.0,1.0,1.0,0.967079662280786,1.0
2.0,3.0,3.0,1.0,4.0,1.0,3.0,0.9790706043675352,3.0
3.0,4.0,3.0,2.0,2.0,2.0,1.0,0.9726329095007099,1.0
1.0,1.0,5.0,3.0,4.0,2.0,3.0,0.9843316660630945,3.0
2.0,2.0,4.0,1.0,5.0,1.0,3.0,0.9813640144754271,3.0
1.0,1.0,5.0,3.0,5.0,2.0,4.0,0.9801271625912187,4.0
2.0,3.0,4.0,1.0,5.0,1.0,1.0,0.9749927831336456,1.0
1.0,2.0,5.0,1.0,5.0,1.0,3.0,0.9785743557128068,3.0
1.0,1.0,5.0,3.0,4.0,2.0,3.0,0.9791595460624749,3.0
1.0,1.0,5.0,2.0,5.0,2.0,3.0,0.9865352206207058,3.0
4.0,5.0,2.0,1.0,3.0,1.0,5.0,0.9586238664128658,5.0
1.0,1.0,5.0,5.0,3.0,4.0,2.0,0.9626972354552323,2.0
1.0,1.0,5.0,4.0,5.0,3.0,1.0,0.9825088917679076,1.0
1.0,2.0,4.0,3.0,4.0,3.0,4.0,0.9810735756105236,4.0
2.0,3.0,3.0,2.0,3.0,2.0,1.0,0.9801243178501565,1.0
4.0,5.0,1.0,1.0,1.0,1.0,4.0,0.9536493053948338,4.0
4.0,4.0,2.0,1.0,4.0,1.0,1.0,0.9721961780683006,1.0
3.0,4.0,3.0,1.0,4.0,1.0,4.0,0.9684441966362988,4.0
1.0,1.0,5.0,4.0,5.0,4.0,5.0,0.9759766145104795,5.0
2.0,2.0,4.0,2.0,5.0,1.0,1.0,0.9834353302517613,1.0
2.0,2.0,4.0,1.0,5.0,1.0,4.0,0.9788672899936042,4.0
2.0,2.0,4.0,3.0,3.0,3.0,3.0,0.9723027098655332,3.0
4.0,5.0,2.0,1.0,3.0,1.0,1.0,0.9667429260252135,1.0
4.0,4.0,2.0,1.0,4.0,1.0,1.0,0.9720843871704621,1.0
1.0,1.0,5.0,4.0,4.0,4.0,3.0,0.9819711621779503,3.0
1.0,1.0,5.0,4.0,5.0,4.0,1.0,0.9624411374171129,1.0
3.0,3.0,3.0,2.0,3.0,2.0,1.0,0.9790202817652257,1.0
1.0,1.0,5.0,2.0,5.0,1.0,3.0,0.9841890634885849,3.0
1.0,1.0,5.0,2.0,5.0,1.0,5.0,0.9863359089236294,5.0
1.0,1.0,5.0,2.0,5.0,2.0,1.0,0.980265232463143,1.0
2.0,3.0,3.0,2.0,2.0,2.0,3.0,0.9798669494100549,3.0
1.0,1.0,5.0,4.0,3.0,4.0,5.0,0.9798680530461107,5.0
1.0,2.0,4.0,2.0,5.0,1.0,1.0,0.9851141538280009,1.0
1.0,2.0,4.0,3.0,4.0,2.0,3.0,0.9858053642077748,3.0
1.0,2.0,4.0,2.0,5.0,1.0,1.0,0.9805829806949876,1.0
1.0,1.0,5.0,3.0,5.0,2.0,3.0,0.9847421189724482,3.0
1.0,1.0,5.0,2.0,5.0,1.0,1.0,0.9812344892370877,1.0
4.0,5.0,2.0,1.0,3.0,1.0,3.0,0.9716319124536776,3.0
1.0,1.0,5.0,3.0,5.0,3.0,2.0,0.9779068087742125,2.0
1.0,1.0,5.0,4.0,4.0,4.0,1.0,0.9803782555128608,1.0
1.0,1.0,5.0,4.0,4.0,3.0,1.0,0.9781909282441611,1.0
1.0,1.0,5.0,4.0,4.0,4.0,2.0,0.9841147382840612,2.0
1.0,1.0,5.0,3.0,5.0,3.0,3.0,0.980207826300165,3.0
1.0,1.0,5.0,2.0,5.0,1.0,5.0,0.981931329311133,5.0
2.0,2.0,4.0,2.0,4.0,2.0,1.0,0.9875125585871193,1.0
3.0,4.0,2.0,1.0,4.0,1.0,1.0,0.9765301477756523,1.0
1.0,2.0,4.0,1.0,5.0,1.0,3.0,0.9876571368134676,3.0
