Nhóm,Mô hình,Dữ liệu/chiến lược,ran,epsilon,Acc (%),F1 (%),AUC-ROC (%),Spec (%),Sens (%),Nguồn,Acc (%) mean,Acc (%) std,F1 (%) mean,F1 (%) std,AUC-ROC (%) mean,AUC-ROC (%) std,Spec (%) mean,Spec (%) std,Sens (%) mean,Sens (%) std
Baseline,MLP,Tabular,,,86.0 ± 5.9,49.2 ± 10.1,92.6 ± 2.4,86.6 ± 6.8,79.5 ± 11.9,result/diabetic_retinopathy_model_comparison_kfold_rerun_20260921.csv,86.014,5.859,49.247,10.13,92.645,2.388,86.594,6.786,79.474,11.855
Baseline,ResNet-50,Image,,,69.6 ± 11.4,23.7 ± 6.2,73.0 ± 4.4,70.8 ± 13.7,55.8 ± 18.4,result/diabetic_retinopathy_model_comparison_kfold_rerun_20260921.csv,69.552,11.444,23.744,6.194,73.036,4.443,70.774,13.744,55.789,18.411
Fusion baseline,Early Fusion (MLP),Multimodal,,,88.6 ± 3.1,48.7 ± 4.8,89.2 ± 3.8,90.6 ± 3.8,66.1 ± 5.2,result/diabetic_retinopathy_model_comparison_kfold_rerun_20260921.csv,88.579,3.105,48.72,4.794,89.225,3.849,90.555,3.751,66.053,5.243
Fusion baseline,Late Fusion (Ensemble),Multimodal,,,86.8 ± 5.8,49.1 ± 9.8,90.9 ± 2.4,87.9 ± 7.6,74.1 ± 18.7,result/diabetic_retinopathy_model_comparison_kfold_rerun_20260921.csv,86.847,5.803,49.128,9.758,90.885,2.354,87.948,7.571,74.053,18.728
FKG-UM native,FKG-UM (Bảng),Unimodal FKG,,,89.8 ± 2.8,37.3 ± 19.9,80.6 ± 6.2,94.2 ± 2.9,40.4 ± 24.8,result/diabetic_retinopathy_model_comparison_kfold_rerun_20260921.csv,89.817,2.786,37.261,19.868,80.568,6.226,94.151,2.87,40.421,24.809
FKG-UM native,FKG-UM (Ảnh),Unimodal FKG,,,74.3 ± 5.5,16.0 ± 7.3,58.6 ± 8.7,77.9 ± 7.4,33.0 ± 20.6,result/diabetic_retinopathy_model_comparison_kfold_rerun_20260921.csv,74.259,5.503,15.953,7.271,58.557,8.733,77.868,7.437,33.0,20.595
FKG-MM native / 5 fusion strategies,FKG-MM (đề xuất),Multimodal FKG,,,91.7 ± 0.3,16.6 ± 12.9,80.7 ± 6.6,98.7 ± 0.9,11.4 ± 10.2,result/diabetic_retinopathy_model_comparison_kfold_rerun_20260921.csv,91.722,0.281,16.618,12.91,80.729,6.557,98.742,0.861,11.421,10.181
FKG-MM native / 5 fusion strategies,FKG-MM (Filter),Multimodal FKG,,,91.7 ± 0.6,19.7 ± 11.9,76.0 ± 4.7,98.6 ± 0.9,13.5 ± 9.7,result/diabetic_retinopathy_model_comparison_kfold_rerun_20260921.csv,91.723,0.639,19.705,11.875,76.035,4.699,98.562,0.861,13.526,9.665
FKG-MM native / 5 fusion strategies,FKG-MM (Hadamard),Multimodal FKG,,,62.7 ± 15.1,16.8 ± 4.2,56.4 ± 9.5,64.3 ± 17.1,44.5 ± 12.3,result/diabetic_retinopathy_model_comparison_kfold_rerun_20260921.csv,62.688,15.109,16.761,4.212,56.369,9.5,64.286,17.142,44.474,12.287
FKG-MM native / 5 fusion strategies,FKG-MM (Tensor),Multimodal FKG,,,91.6 ± 0.6,3.5 ± 7.8,55.7 ± 3.8,99.5 ± 0.6,2.1 ± 4.7,result/diabetic_retinopathy_model_comparison_kfold_rerun_20260921.csv,91.638,0.557,3.478,7.778,55.742,3.762,99.46,0.587,2.105,4.708
FKG-MM native / 5 fusion strategies,FKG-MM (Wrapper),Multimodal FKG,,,83.7 ± 8.1,24.7 ± 11.4,63.2 ± 12.4,88.2 ± 9.2,31.7 ± 13.7,result/diabetic_retinopathy_model_comparison_kfold_rerun_20260921.csv,83.687,8.068,24.707,11.446,63.19,12.42,88.207,9.221,31.737,13.689
FKG-UM/FKG-MM 15%-20% chọn theo KFold,FKG-UM (Bảng),Unimodal FKG,15,0.2,91.1 ± 1.0,24.0 ± 17.9,72.2 ± 8.4,97.1 ± 2.3,21.4 ± 17.4,result/diabetic_retinopathy_model_comparison_kfold_rerun_20260921.csv,91.06,1.037,24.042,17.934,72.211,8.383,97.117,2.265,21.421,17.434
FKG-UM/FKG-MM 15%-20% chọn theo KFold,FKG-UM (Ảnh),Unimodal FKG,15,0.2,70.6 ± 10.8,15.1 ± 7.9,55.6 ± 9.6,73.5 ± 13.7,36.8 ± 25.9,result/diabetic_retinopathy_model_comparison_kfold_rerun_20260921.csv,70.622,10.811,15.143,7.921,55.559,9.627,73.533,13.684,36.789,25.916
FKG-UM/FKG-MM 15%-20% chọn theo KFold,FKG-MM (đề xuất),Multimodal FKG,15,0.2,91.6 ± 0.4,10.2 ± 8.3,65.4 ± 7.2,99.1 ± 0.6,6.2 ± 5.8,result/diabetic_retinopathy_model_comparison_kfold_rerun_20260921.csv,91.64,0.442,10.157,8.258,65.383,7.244,99.102,0.633,6.211,5.791
FKG-UM/FKG-MM 15%-20% chọn theo KFold,FKG-MM (Filter),Multimodal FKG,20,0.2,91.9 ± 0.5,7.5 ± 4.2,65.1 ± 3.1,99.5 ± 0.3,4.2 ± 2.3,result/diabetic_retinopathy_model_comparison_kfold_rerun_20260921.csv,91.887,0.477,7.541,4.232,65.078,3.094,99.55,0.319,4.158,2.327
FKG-UM/FKG-MM 15%-20% chọn theo KFold,FKG-MM (Hadamard),Multimodal FKG,15,0.2,76.1 ± 7.2,16.8 ± 8.6,57.5 ± 7.7,80.0 ± 8.5,30.9 ± 16.2,result/diabetic_retinopathy_model_comparison_kfold_rerun_20260921.csv,76.076,7.209,16.847,8.643,57.504,7.655,80.018,8.466,30.947,16.245
FKG-UM/FKG-MM 15%-20% chọn theo KFold,FKG-MM (Tensor),Multimodal FKG,15,0.3,92.1 ± 0.2,1.9 ± 4.3,50.9 ± 1.1,100.0 ± 0.0,1.0 ± 2.2,result/diabetic_retinopathy_model_comparison_kfold_rerun_20260921.csv,92.053,0.197,1.905,4.259,50.903,1.096,100.0,0.0,1.0,2.236
FKG-UM/FKG-MM 15%-20% chọn theo KFold,FKG-MM (Wrapper),Multimodal FKG,20,0.3,81.1 ± 6.4,27.5 ± 11.3,64.7 ± 12.7,84.5 ± 7.1,42.0 ± 16.5,result/diabetic_retinopathy_model_comparison_kfold_rerun_20260921.csv,81.127,6.36,27.495,11.29,64.707,12.663,84.527,7.135,42.0,16.486
