true_label,predicted_label,confidence,positive_score
1,1,0.500029688931639,0.499970311068361
1,1,0.500029688931639,0.499970311068361
1,1,0.5006758681381559,0.4993241318618441
1,2,0.5016340749285637,0.5016340749285637
1,1,0.5,0.5
1,1,0.5,0.5
2,1,0.5,0.5
2,1,0.5,0.5
1,1,0.5002475779743871,0.4997524220256129
1,1,0.5,0.5
2,1,0.5,0.5
1,1,0.500488357331056,0.499511642668944
1,1,0.500488357331056,0.499511642668944
2,1,0.5,0.5
2,1,0.5,0.5
1,1,0.5,0.5
1,1,0.5006758681381559,0.4993241318618441
2,1,0.5001500132093267,0.4998499867906733
2,1,0.5,0.5
1,1,0.5000753110755197,0.4999246889244803
1,1,0.500038855998195,0.499961144001805
1,1,0.5002972847946822,0.49970271520531784
1,1,0.5000267171949032,0.4999732828050968
1,1,0.5011975962203505,0.49880240377964946
1,1,0.5113307302841704,0.4886692697158296
1,1,0.527705232109859,0.472294767890141
1,1,0.5000354651340299,0.49996453486597014
1,1,0.5,0.5
1,1,0.5664788267258783,0.43352117327412165
1,1,0.5035133946186408,0.49648660538135925
1,1,0.5849640404327637,0.41503595956723627
1,1,0.5194435816060927,0.4805564183939073
1,1,0.527705232109859,0.472294767890141
1,1,0.5194435816060927,0.4805564183939073
1,1,0.5194435816060927,0.4805564183939073
1,1,0.5194435816060927,0.4805564183939073
1,1,0.5188355116531448,0.4811644883468552
1,1,0.5,0.5
1,1,0.5,0.5
1,1,0.5,0.5
1,1,0.5062610061360625,0.4937389938639375
1,1,0.5062610061360625,0.4937389938639375
1,1,0.5003239240523664,0.49967607594763364
1,1,0.5806633354659153,0.4193366645340847
1,1,0.527705232109859,0.472294767890141
1,1,0.5021368355977955,0.49786316440220446
1,1,0.5849640404327637,0.41503595956723627
1,1,0.527705232109859,0.472294767890141
1,1,0.5121625895779285,0.4878374104220715
1,1,0.5464361947052829,0.45356380529471707
1,1,0.5040829749020153,0.49591702509798474
1,1,0.5259728030409319,0.47402719695906814
1,1,0.5199642660629463,0.4800357339370537
2,1,0.5,0.5
1,1,0.5080002132335538,0.4919997867664462
1,1,0.5040598804996245,0.49594011950037553
1,1,0.527705232109859,0.472294767890141
1,1,0.527705232109859,0.472294767890141
2,1,0.5,0.5
2,1,0.5,0.5
1,1,0.500026348578629,0.49997365142137096
1,1,0.5000124415435819,0.49998755845641807
1,1,0.5004754898052058,0.49952451019479416
1,1,0.5,0.5
1,1,0.5029327004927894,0.4970672995072106
1,1,0.5347132485934983,0.46528675140650166
1,1,0.5464361947052829,0.45356380529471707
1,1,0.5121625895779285,0.4878374104220715
1,1,0.5021087404069887,0.4978912595930113
1,1,0.5062610061360625,0.4937389938639375
1,1,0.5045717725382802,0.4954282274617198
1,1,0.5029113925174488,0.49708860748255124
1,1,0.500026348578629,0.49997365142137096
1,1,0.5013865950929192,0.49861340490708084
1,1,0.5013865950929192,0.49861340490708084
1,1,0.5004754898052058,0.49952451019479416
1,1,0.5000614991344189,0.4999385008655811
1,1,0.5868049277518145,0.4131950722481855
1,1,0.5173642914742237,0.4826357085257763
1,1,0.5027841422443813,0.4972158577556187
1,1,0.527705232109859,0.472294767890141
1,1,0.5065056630569715,0.49349433694302847
1,1,0.5003586074368466,0.49964139256315343
1,1,0.5003586074368466,0.49964139256315343
1,1,0.5,0.5
1,1,0.5004754898052058,0.49952451019479416
1,1,0.5,0.5
1,1,0.5,0.5
2,1,0.5,0.5
2,1,0.5,0.5
1,1,0.5139176881328248,0.4860823118671752
1,1,0.5000419410652511,0.4999580589347489
1,1,0.5108818449982521,0.48911815500174793
1,1,0.5,0.5
1,1,0.5143311403836504,0.48566885961634965
1,1,0.5075109653453911,0.4924890346546089
1,1,0.5002047727695847,0.49979522723041525
1,1,0.5001215886429449,0.49987841135705513
1,1,0.527705232109859,0.472294767890141
1,1,0.5114709248605499,0.4885290751394501
1,1,0.5114709248605499,0.4885290751394501
1,1,0.5027048713810923,0.4972951286189077
1,1,0.5027048713810923,0.4972951286189077
1,1,0.5000576583266066,0.49994234167339335
1,1,0.5,0.5
1,1,0.5006977170291667,0.49930228297083334
1,1,0.5,0.5
1,1,0.5,0.5
1,1,0.5,0.5
1,1,0.5021519125641689,0.4978480874358311
1,1,0.5012911704171295,0.49870882958287055
1,1,0.5849640404327637,0.41503595956723627
1,1,0.5,0.5
1,1,0.5,0.5
1,1,0.5098517973143692,0.49014820268563075
1,1,0.5035005350832803,0.4964994649167197
1,1,0.5011176422871946,0.4988823577128054
1,1,0.5011176422871946,0.4988823577128054
1,1,0.5033441375657638,0.4966558624342362
1,1,0.5,0.5
1,1,0.5148751276370976,0.48512487236290236
1,1,0.502921072396745,0.497078927603255
1,1,0.5269563170897413,0.47304368291025867
1,1,0.5043789655676725,0.4956210344323275
1,1,0.5009231345728739,0.49907686542712615
1,1,0.5003586074368466,0.49964139256315343
1,1,0.5138295009695854,0.48617049903041465
1,1,0.5,0.5
1,2,0.5078128594924165,0.5078128594924165
1,1,0.5031037500572332,0.4968962499427668
1,1,0.5037003315383144,0.4962996684616856
1,1,0.582496521783691,0.41750347821630895
1,1,0.5006434986218951,0.49935650137810494
1,1,0.5,0.5
2,1,0.5000531123767498,0.49994688762325024
1,1,0.5,0.5
1,1,0.5031749394895535,0.4968250605104465
1,1,0.5000866327817316,0.4999133672182684
1,1,0.5000866327817316,0.4999133672182684
1,1,0.502921072396745,0.497078927603255
1,1,0.5207866562436299,0.47921334375637015
1,1,0.5004019664237243,0.49959803357627575
1,1,0.5,0.5
1,1,0.5,0.5
1,1,0.5,0.5
1,1,0.5001215886429449,0.49987841135705513
1,1,0.5010658701534553,0.4989341298465447
1,1,0.5010658701534553,0.4989341298465447
1,1,0.500390819130774,0.499609180869226
1,1,0.500390819130774,0.499609180869226
1,1,0.5,0.5
1,1,0.5,0.5
1,1,0.5009590211359182,0.49904097886408183
1,1,0.5009590211359182,0.49904097886408183
1,1,0.5,0.5
1,1,0.5014832944060696,0.49851670559393035
1,1,0.527705232109859,0.472294767890141
1,1,0.509747492678136,0.490252507321864
1,1,0.5405159650174197,0.4594840349825803
1,1,0.5006434986218951,0.49935650137810494
1,1,0.5003095404704192,0.4996904595295808
1,1,0.5,0.5
1,1,0.5250545908027646,0.4749454091972354
1,1,0.5250545908027646,0.4749454091972354
1,1,0.5207839362554444,0.4792160637445556
1,1,0.5,0.5
1,1,0.5000818048453055,0.4999181951546945
1,1,0.5,0.5
1,1,0.5,0.5
1,1,0.5066523996294117,0.49334760037058834
1,1,0.5170276217852962,0.48297237821470385
1,1,0.5,0.5
1,1,0.5,0.5
1,1,0.5001215886429449,0.49987841135705513
1,1,0.5001215886429449,0.49987841135705513
1,1,0.5050823587896456,0.4949176412103544
1,1,0.5050823587896456,0.4949176412103544
1,1,0.5003095404704192,0.4996904595295808
1,1,0.5009231345728739,0.49907686542712615
1,1,0.5250545908027646,0.4749454091972354
1,1,0.5009626766363524,0.4990373233636476
2,1,0.5009626766363524,0.4990373233636476
1,1,0.5,0.5
1,1,0.5,0.5
1,1,0.5013876211043425,0.49861237889565746
1,1,0.5019637369049197,0.4980362630950803
2,1,0.5,0.5
2,1,0.5,0.5
1,1,0.5002027423257142,0.49979725767428584
1,1,0.5200493401749048,0.4799506598250952
1,1,0.5028452280054301,0.4971547719945699
1,1,0.5128000727022088,0.48719992729779116
1,1,0.5,0.5
1,1,0.5000229123595771,0.4999770876404229
1,1,0.5006977170291667,0.49930228297083334
1,1,0.5,0.5
1,1,0.5062610061360625,0.4937389938639375
1,1,0.5062610061360625,0.4937389938639375
1,1,0.5162509834933214,0.48374901650667856
1,1,0.500390819130774,0.499609180869226
1,1,0.5004415974840255,0.4995584025159745
1,1,0.5188355116531448,0.4811644883468552
1,1,0.5023249197973669,0.49767508020263307
1,1,0.5,0.5
1,1,0.5,0.5
1,1,0.5021519125641689,0.4978480874358311
1,1,0.517449078558581,0.482550921441419
1,1,0.5250545908027646,0.4749454091972354
1,1,0.5200092888482165,0.4799907111517835
1,1,0.5037244032473585,0.49627559675264155
1,1,0.5014311408481736,0.49856885915182636
1,1,0.5250545908027646,0.4749454091972354
1,1,0.5,0.5
1,1,0.5000744889849671,0.4999255110150329
1,1,0.5,0.5
1,1,0.5,0.5
1,1,0.5086175831712398,0.49138241682876016
1,1,0.5005025875598444,0.49949741244015555
1,1,0.5128000727022088,0.48719992729779116
1,1,0.5010932667648562,0.4989067332351438
2,1,0.5,0.5
2,1,0.5,0.5
1,1,0.5071502915318871,0.49284970846811293
1,1,0.524273995181543,0.47572600481845695
1,1,0.5005025875598444,0.49949741244015555
2,1,0.5,0.5
1,1,0.5019493971077523,0.4980506028922477
1,1,0.5003385010543685,0.4996614989456315
1,1,0.5252548771145854,0.4747451228854146
1,1,0.5,0.5
1,1,0.5023456336715181,0.4976543663284819
1,1,0.5028452280054301,0.4971547719945699
1,1,0.5,0.5
1,1,0.5,0.5
1,1,0.5086175831712398,0.49138241682876016
1,1,0.5005025875598444,0.49949741244015555
1,1,0.5037244032473585,0.49627559675264155
1,1,0.5050142927480068,0.4949857072519932
1,1,0.5,0.5
1,1,0.5032457654005712,0.4967542345994288
1,1,0.5006434986218951,0.49935650137810494
1,1,0.5,0.5
