patient_id,image_id
1,img00001
1,img00002
3,img00005
3,img00006
4,img00007
5,img00009
5,img00010
6,img00011
7,img00013
8,img00015
16,img00031
16,img00032
18,img00035
47,img00092
47,img00093
48,img00094
48,img00095
51,img00100
51,img00101
52,img00102
52,img00103
54,img00106
55,img00108
55,img00109
58,img00114
61,img00120
64,img00126
70,img00138
70,img00139
71,img00140
71,img00141
73,img00144
73,img00145
75,img00148
75,img00149
76,img00150
99,img00196
102,img00201
102,img00202
106,img00209
106,img00210
122,img00241
122,img00242
123,img00243
126,img00249
126,img00250
127,img00251
127,img00252
129,img00255
129,img00256
131,img00259
131,img00260
133,img00263
133,img00264
134,img00265
134,img00266
153,img00303
153,img00304
154,img00305
154,img00306
155,img00308
157,img00311
157,img00312
158,img00313
158,img00314
159,img00315
159,img00316
160,img00317
160,img00318
161,img00319
161,img00320
163,img00323
163,img00324
164,img00325
165,img00327
165,img00328
166,img00329
166,img00330
180,img00356
181,img00357
181,img00358
182,img00359
182,img00360
183,img00361
183,img00362
184,img00363
185,img00364
185,img00365
187,img00368
187,img00369
188,img00370
188,img00371
192,img00377
193,img00378
193,img00379
194,img00380
194,img00381
196,img00384
196,img00385
197,img00386
197,img00387
199,img00390
200,img00391
200,img00392
203,img00396
204,img00397
204,img00398
209,img00407
210,img00408
210,img00409
211,img00410
211,img00411
212,img00412
212,img00413
213,img00414
213,img00415
215,img00418
215,img00419
216,img00420
216,img00421
223,img00433
223,img00434
225,img00437
225,img00438
227,img00441
227,img00442
228,img00443
233,img00454
234,img00455
234,img00456
236,img00459
236,img00460
238,img00463
238,img00464
251,img00487
251,img00488
252,img00489
252,img00490
253,img00491
253,img00492
255,img00495
260,img00503
261,img00504
261,img00505
262,img00506
263,img00507
263,img00508
264,img00509
264,img00510
265,img00511
265,img00512
266,img00513
267,img00514
267,img00515
270,img00520
270,img00521
272,img00524
272,img00525
273,img00526
273,img00527
275,img00530
275,img00531
276,img00532
276,img00533
279,img00538
279,img00539
280,img00540
280,img00541
291,img00563
294,img00568
294,img00569
297,img00574
298,img00575
298,img00576
299,img00577
299,img00578
301,img00581
301,img00582
304,img00587
304,img00588
305,img00589
305,img00590
306,img00591
306,img00592
308,img00595
309,img00596
309,img00597
311,img00600
311,img00601
312,img00602
312,img00603
313,img00604
314,img00605
314,img00606
316,img00609
316,img00610
317,img00611
317,img00612
321,img00619
321,img00620
322,img00621
322,img00622
323,img00623
323,img00624
325,img00627
325,img00628
326,img00629
326,img00630
327,img00631
327,img00632
328,img00633
328,img00634
329,img00635
329,img00636
331,img00639
331,img00640
333,img00643
333,img00644
336,img00649
336,img00650
337,img00651
337,img00652
339,img00655
339,img00656
340,img00657
340,img00658
341,img00659
341,img00660
342,img00661
342,img00662
347,img00671
347,img00672
348,img00673
348,img00674
349,img00675
349,img00676
352,img00681
353,img00682
353,img00683
356,img00687
360,img00696
361,img00697
361,img00698
364,img00703
364,img00704
365,img00705
365,img00706
366,img00707
368,img00710
368,img00711
369,img00712
369,img00713
371,img00716
371,img00717
372,img00718
372,img00719
373,img00720
373,img00721
374,img00722
374,img00723
375,img00724
375,img00725
377,img00728
377,img00729
379,img00732
379,img00733
381,img00736
381,img00737
382,img00738
382,img00739
383,img00740
383,img00741
385,img00744
385,img00745
386,img00746
386,img00747
396,img00764
396,img00765
398,img00768
398,img00769
399,img00770
399,img00771
401,img00774
429,img00829
431,img00832
431,img00833
432,img00834
433,img00835
433,img00836
435,img00839
435,img00840
436,img00841
436,img00842
438,img00845
438,img00846
442,img00852
442,img00853
444,img00856
444,img00857
445,img00858
445,img00859
448,img00864
448,img00865
449,img00866
449,img00867
450,img00868
450,img00869
451,img00870
451,img00871
454,img00876
454,img00877
456,img00880
456,img00881
457,img00882
457,img00883
458,img00884
458,img00885
459,img00886
459,img00887
461,img00890
461,img00891
464,img00896
464,img00897
465,img00898
465,img00899
468,img00904
468,img00905
471,img00910
471,img00911
472,img00912
472,img00913
473,img00914
473,img00915
474,img00916
474,img00917
475,img00918
475,img00919
477,img00922
479,img00925
479,img00926
480,img00927
480,img00928
481,img00929
482,img00930
482,img00931
483,img00932
484,img00934
484,img00935
485,img00936
485,img00937
486,img00938
486,img00939
488,img00942
488,img00943
490,img00946
490,img00947
491,img00948
491,img00949
492,img00950
492,img00951
498,img00963
499,img00964
500,img00965
500,img00966
501,img00967
501,img00968
504,img00973
504,img00974
505,img00975
505,img00976
506,img00977
507,img00978
507,img00979
508,img00980
508,img00981
509,img00982
509,img00983
510,img00984
510,img00985
514,img00992
514,img00993
515,img00994
515,img00995
516,img00996
516,img00997
517,img00998
517,img00999
518,img01000
518,img01001
519,img01002
519,img01003
520,img01004
521,img01005
521,img01006
523,img01009
524,img01010
524,img01011
526,img01014
529,img01019
529,img01020
530,img01021
531,img01022
531,img01023
535,img01030
535,img01031
536,img01032
536,img01033
537,img01034
539,img01037
541,img01040
541,img01041
542,img01042
542,img01043
543,img01044
543,img01045
544,img01046
544,img01047
546,img01050
546,img01051
547,img01052
547,img01053
549,img01056
549,img01057
550,img01058
550,img01059
551,img01060
551,img01061
552,img01062
552,img01063
553,img01064
553,img01065
554,img01066
554,img01067
555,img01068
555,img01069
557,img01072
557,img01073
558,img01074
558,img01075
559,img01076
559,img01077
560,img01078
560,img01079
562,img01081
562,img01082
571,img01099
571,img01100
572,img01101
572,img01102
573,img01103
573,img01104
574,img01105
575,img01106
575,img01107
577,img01110
577,img01111
578,img01112
579,img01113
579,img01114
582,img01119
582,img01120
583,img01121
583,img01122
584,img01123
584,img01124
585,img01125
585,img01126
586,img01127
586,img01128
587,img01129
587,img01130
588,img01131
596,img01146
599,img01152
603,img01160
605,img01163
605,img01164
608,img01169
609,img01170
609,img01171
610,img01172
613,img01176
613,img01177
614,img01178
614,img01179
616,img01182
616,img01183
617,img01184
619,img01188
619,img01189
621,img01192
621,img01193
622,img01194
622,img01195
623,img01196
623,img01197
626,img01202
631,img01212
631,img01213
632,img01214
632,img01215
633,img01216
633,img01217
634,img01218
635,img01219
636,img01221
636,img01222
638,img01225
638,img01226
640,img01229
641,img01230
641,img01231
642,img01232
643,img01233
643,img01234
644,img01235
644,img01236
648,img01243
648,img01244
650,img01247
650,img01248
651,img01249
651,img01250
652,img01251
653,img01252
653,img01253
655,img01256
656,img01257
656,img01258
657,img01259
657,img01260
659,img01263
659,img01264
661,img01267
661,img01268
663,img01271
663,img01272
664,img01273
665,img01274
665,img01275
666,img01276
666,img01277
667,img01278
667,img01279
668,img01280
668,img01281
669,img01282
669,img01283
671,img01285
671,img01286
672,img01287
672,img01288
673,img01289
681,img01303
681,img01304
682,img01305
683,img01306
683,img01307
684,img01308
684,img01309
685,img01310
685,img01311
688,img01316
695,img01329
695,img01330
696,img01331
696,img01332
698,img01335
698,img01336
702,img01343
702,img01344
703,img01345
705,img01348
705,img01349
709,img01356
711,img01359
711,img01360
719,img01375
719,img01376
720,img01377
720,img01378
722,img01381
722,img01382
723,img01383
723,img01384
724,img01385
724,img01386
725,img01387
725,img01388
726,img01389
726,img01390
731,img01398
734,img01403
734,img01404
735,img01405
735,img01406
737,img01409
737,img01410
738,img01411
738,img01412
741,img01416
741,img01417
744,img01422
744,img01423
747,img01428
747,img01429
748,img01430
750,img01433
751,img01434
751,img01435
752,img01436
754,img01439
754,img01440
755,img01441
755,img01442
757,img01445
757,img01446
758,img01447
759,img01448
759,img01449
760,img01450
760,img01451
761,img01452
761,img01453
762,img01454
762,img01455
763,img01456
763,img01457
764,img01458
764,img01459
765,img01460
765,img01461
767,img01464
767,img01465
768,img01466
769,img01467
769,img01468
770,img01469
770,img01470
790,img01508
791,img01510
792,img01511
792,img01512
793,img01513
793,img01514
794,img01515
794,img01516
795,img01517
795,img01518
797,img01521
797,img01522
798,img01523
798,img01524
799,img01525
799,img01526
800,img01527
800,img01528
804,img01535
804,img01536
805,img01537
805,img01538
806,img01539
806,img01540
824,img01576
827,img01580
827,img01581
829,img01584
829,img01585
836,img01599
838,img01602
838,img01603
840,img01606
841,img01607
842,img01608
842,img01609
843,img01610
843,img01611
844,img01612
844,img01613
845,img01615
846,img01616
846,img01617
849,img01622
849,img01623
850,img01624
852,img01627
852,img01628
854,img01631
854,img01632
855,img01633
855,img01634
856,img01635
856,img01636
857,img01637
857,img01638
858,img01639
858,img01640
859,img01641
859,img01642
861,img01645
871,img01661
871,img01662
872,img01663
875,img01668
877,img01672
878,img01673
879,img01674
879,img01675
885,img01686
885,img01687
886,img01688
886,img01689
887,img01690
887,img01691
888,img01692
888,img01693
891,img01698
891,img01699
892,img01700
892,img01701
893,img01702
893,img01703
894,img01704
894,img01705
895,img01706
895,img01707
896,img01708
896,img01709
899,img01714
899,img01715
900,img01716
900,img01717
901,img01718
901,img01719
902,img01720
902,img01721
904,img01724
904,img01725
907,img01730
907,img01731
908,img01732
908,img01733
909,img01734
909,img01735
910,img01736
911,img01737
912,img01738
912,img01739
915,img01744
915,img01745
916,img01746
916,img01747
917,img01748
917,img01749
918,img01750
918,img01751
919,img01752
920,img01753
921,img01754
922,img01755
922,img01756
924,img01758
927,img01763
927,img01764
934,img01776
934,img01777
935,img01778
935,img01779
937,img01782
937,img01783
938,img01784
938,img01785
939,img01786
939,img01787
947,img01801
947,img01802
948,img01803
948,img01804
950,img01807
950,img01808
952,img01811
952,img01812
953,img01813
953,img01814
954,img01815
954,img01816
955,img01817
956,img01818
965,img01835
968,img01840
969,img01843
972,img01848
972,img01849
973,img01850
973,img01851
974,img01852
974,img01853
975,img01854
975,img01855
976,img01856
980,img01863
987,img01874
991,img01880
992,img01882
994,img01885
994,img01886
995,img01887
995,img01888
996,img01889
997,img01890
998,img01893
1004,img01904
1006,img01907
1006,img01908
1007,img01909
1007,img01910
1008,img01911
1008,img01912
1009,img01914
1016,img01926
1016,img01927
1017,img01928
1017,img01929
1018,img01931
1020,img01934
1020,img01935
1021,img01936
1021,img01937
1022,img01938
1023,img01939
1023,img01940
1024,img01941
1024,img01942
1025,img01943
1025,img01944
1026,img01945
1026,img01946
1027,img01947
1027,img01948
1029,img01951
1029,img01952
1030,img01953
1032,img01956
1032,img01957
1033,img01958
1033,img01959
1035,img01962
1036,img01963
1036,img01964
1037,img01965
1038,img01966
1038,img01967
1041,img01971
1041,img01972
1042,img01973
1042,img01974
1043,img01975
1043,img01976
1046,img01981
1047,img01982
1047,img01983
1049,img01985
1049,img01986
1051,img01989
1051,img01990
1052,img01991
1052,img01992
1055,img01997
1055,img01998
1056,img01999
1056,img02000
1064,img02016
1067,img02021
1071,img02029
1083,img02052
1086,img02056
1088,img02061
1099,img02080
1106,img02093
1111,img02104
1117,img02115
1118,img02116
1155,img02189
1176,img02229
1182,img02240
1182,img02241
1188,img02252
1196,img02268
1199,img02273
1200,img02275
1200,img02276
1203,img02282
1208,img02290
1211,img02296
1226,img02323
1231,img02333
1231,img02334
1232,img02336
1233,img02338
1236,img02344
1238,img02348
1239,img02349
1242,img02355
1245,img02362
1254,img02380
1258,img02386
1263,img02396
1264,img02398
1275,img02421
1278,img02426
1279,img02428
1287,img02444
1305,img02480
1315,img02499
1327,img02522
1329,img02526
1334,img02534
1337,img02541
1339,img02544
1339,img02545
1344,img02553
1347,img02560
1348,img02561
1353,img02572
1359,img02583
1360,img02584
1366,img02595
1369,img02601
1375,img02611
1377,img02615
1379,img02619
1384,img02629
1402,img02661
1404,img02665
1410,img02675
1412,img02680
1413,img02681
1414,img02683
1431,img02716
1434,img02722
1436,img02726
1446,img02741
1447,img02743
1453,img02755
1455,img02758
1460,img02767
1470,img02783
1470,img02784
1476,img02795
1478,img02799
1480,img02803
1486,img02815
1488,img02818
1493,img02829
1496,img02834
1496,img02835
1508,img02856
1514,img02866
1524,img02884
1528,img02891
1530,img02895
1535,img02903
1538,img02910
1539,img02912
1540,img02914
1545,img02923
